Age,Job Title,Years of Experience,Salary,Gender_Female,Gender_Male,Gender_Other,Education Level_High School,Education Level_Bachelor's,Education Level_Bachelor's Degree,Education Level_Master's,Education Level_Master's Degree,Education Level_PhD,Education Level_phD
32.0,175,5.0,90000.0,0,1,0,0,1,0,0,0,0,0
28.0,18,3.0,65000.0,1,0,0,0,0,0,1,0,0,0
45.0,144,15.0,150000.0,0,1,0,0,0,0,0,0,1,0
36.0,115,7.0,60000.0,1,0,0,0,1,0,0,0,0,0
52.0,25,20.0,200000.0,0,1,0,0,0,0,1,0,0,0
29.0,93,2.0,55000.0,0,1,0,0,1,0,0,0,0,0
42.0,106,12.0,120000.0,1,0,0,0,0,0,1,0,0,0
31.0,118,4.0,80000.0,0,1,0,0,1,0,0,0,0,0
26.0,94,1.0,45000.0,1,0,0,0,1,0,0,0,0,0
38.0,165,10.0,110000.0,0,1,0,0,0,0,0,0,1,0
29.0,174,3.0,75000.0,0,1,0,0,0,0,1,0,0,0
48.0,47,18.0,140000.0,1,0,0,0,1,0,0,0,0,0
35.0,40,6.0,65000.0,0,1,0,0,1,0,0,0,0,0
40.0,109,14.0,130000.0,1,0,0,0,0,0,1,0,0,0
27.0,14,2.0,40000.0,0,1,0,0,1,0,0,0,0,0
44.0,102,16.0,125000.0,0,1,0,0,1,0,0,0,0,0
33.0,96,7.0,90000.0,1,0,0,0,0,0,1,0,0,0
39.0,130,12.0,115000.0,0,1,0,0,0,0,0,0,1,0
25.0,19,0.0,35000.0,1,0,0,0,1,0,0,0,0,0
51.0,116,22.0,180000.0,0,1,0,0,1,0,0,0,0,0
34.0,4,5.0,80000.0,1,0,0,0,0,0,1,0,0,0
47.0,189,19.0,190000.0,0,1,0,0,0,0,1,0,0,0
30.0,53,2.0,50000.0,0,1,0,0,1,0,0,0,0,0
36.0,112,9.0,60000.0,1,0,0,0,1,0,0,0,0,0
41.0,41,13.0,140000.0,0,1,0,0,0,0,1,0,0,0
28.0,173,3.0,45000.0,1,0,0,0,1,0,0,0,0,0
37.0,177,11.0,110000.0,1,0,0,0,0,0,1,0,0,0
24.0,66,1.0,40000.0,0,1,0,0,1,0,0,0,0,0
43.0,126,15.0,140000.0,1,0,0,0,0,0,0,0,1,0
33.0,105,6.0,90000.0,0,1,0,0,0,0,1,0,0,0
50.0,7,25.0,250000.0,0,1,0,0,1,0,0,0,0,0
31.0,1,4.0,55000.0,1,0,0,0,1,0,0,0,0,0
29.0,20,3.0,75000.0,0,1,0,0,0,0,1,0,0,0
39.0,97,10.0,65000.0,1,0,0,0,1,0,0,0,0,0
46.0,144,20.0,170000.0,0,1,0,0,0,0,0,0,1,0
27.0,184,2.0,45000.0,0,1,0,0,1,0,0,0,0,0
35.0,46,7.0,60000.0,1,0,0,0,1,0,0,0,0,0
42.0,108,14.0,115000.0,0,1,0,0,0,0,1,0,0,0
26.0,17,1.0,40000.0,1,0,0,0,1,0,0,0,0,0
49.0,117,21.0,160000.0,0,1,0,0,1,0,0,0,0,0
34.0,186,5.0,80000.0,1,0,0,0,0,0,1,0,0,0
48.0,101,18.0,190000.0,0,1,0,0,0,0,1,0,0,0
30.0,98,3.0,60000.0,0,1,0,0,1,0,0,0,0,0
36.0,2,8.0,45000.0,1,0,0,0,1,0,0,0,0,0
41.0,179,13.0,130000.0,0,1,0,0,0,0,1,0,0,0
28.0,11,2.0,40000.0,1,0,0,0,1,0,0,0,0,0
32.0,0,5.0,75000.0,0,1,0,0,1,0,0,0,0,0
45.0,33,16.0,180000.0,1,0,0,0,0,0,1,0,0,0
38.0,165,11.0,120000.0,0,1,0,0,0,0,0,0,1,0
25.0,48,0.0,35000.0,0,1,0,0,1,0,0,0,0,0
51.0,13,22.0,130000.0,1,0,0,0,1,0,0,0,0,0
33.0,6,7.0,85000.0,0,1,0,0,0,0,1,0,0,0
40.0,38,12.0,60000.0,1,0,0,0,1,0,0,0,0,0
47.0,188,19.0,200000.0,0,1,0,0,0,0,1,0,0,0
29.0,45,3.0,50000.0,1,0,0,0,1,0,0,0,0,0
36.0,118,9.0,95000.0,0,1,0,0,1,0,0,0,0,0
27.0,187,2.0,65000.0,1,0,0,0,0,0,1,0,0,0
43.0,130,17.0,140000.0,0,1,0,0,0,0,0,0,1,0
30.0,172,4.0,55000.0,1,0,0,0,1,0,0,0,0,0
35.0,106,7.0,105000.0,0,1,0,0,0,0,1,0,0,0
51.0,34,23.0,170000.0,1,0,0,0,0,0,1,0,0,0
29.0,93,3.0,50000.0,0,1,0,0,1,0,0,0,0,0
40.0,47,12.0,80000.0,1,0,0,0,1,0,0,0,0,0
47.0,129,21.0,180000.0,0,1,0,0,0,0,0,0,1,0
26.0,56,1.0,35000.0,0,1,0,0,1,0,0,0,0,0
38.0,23,10.0,90000.0,1,0,0,0,0,0,1,0,0,0
46.0,52,19.0,120000.0,0,1,0,0,1,0,0,0,0,0
31.0,15,5.0,45000.0,1,0,0,0,1,0,0,0,0,0
34.0,5,8.0,90000.0,0,1,0,0,0,0,1,0,0,0
49.0,132,18.0,150000.0,1,0,0,0,0,0,1,0,0,0
33.0,190,6.0,65000.0,0,1,0,0,1,0,0,0,0,0
39.0,112,11.0,70000.0,1,0,0,0,1,0,0,0,0,0
45.0,113,16.0,190000.0,0,1,0,0,0,0,0,0,1,0
28.0,183,2.0,40000.0,0,1,0,0,1,0,0,0,0,0
42.0,12,14.0,120000.0,1,0,0,0,0,0,1,0,0,0
37.0,109,10.0,95000.0,0,1,0,0,1,0,0,0,0,0
50.0,102,22.0,160000.0,1,0,0,0,1,0,0,0,0,0
32.0,168,6.0,100000.0,0,1,0,0,0,0,1,0,0,0
48.0,50,20.0,180000.0,1,0,0,0,0,0,1,0,0,0
30.0,10,3.0,55000.0,1,0,0,0,1,0,0,0,0,0
36.0,182,8.0,70000.0,0,1,0,0,1,0,0,0,0,0
41.0,18,13.0,80000.0,1,0,0,0,0,0,1,0,0,0
25.0,120,0.0,30000.0,0,1,0,0,1,0,0,0,0,0
52.0,9,24.0,250000.0,0,1,0,0,0,0,0,0,1,0
29.0,65,2.0,40000.0,1,0,0,0,1,0,0,0,0,0
34.0,39,10.0,95000.0,1,0,0,0,0,0,1,0,0,0
27.0,55,2.0,45000.0,0,1,0,0,1,0,0,0,0,0
40.0,46,15.0,80000.0,1,0,0,0,1,0,0,0,0,0
46.0,159,21.0,135000.0,0,1,0,0,0,0,1,0,0,0
31.0,94,6.0,55000.0,1,0,0,0,1,0,0,0,0,0
36.0,104,11.0,120000.0,0,1,0,0,0,0,0,0,1,0
29.0,115,3.0,40000.0,1,0,0,0,1,0,0,0,0,0
43.0,181,18.0,105000.0,0,1,0,0,1,0,0,0,0,0
52.0,148,25.0,170000.0,1,0,0,0,0,0,1,0,0,0
33.0,4,7.0,75000.0,0,1,0,0,1,0,0,0,0,0
39.0,185,12.0,65000.0,1,0,0,0,1,0,0,0,0,0
47.0,114,22.0,160000.0,0,1,0,0,0,0,0,0,1,0
26.0,86,1.0,35000.0,0,1,0,0,1,0,0,0,0,0
38.0,110,10.0,90000.0,1,0,0,0,0,0,1,0,0,0
45.0,100,20.0,110000.0,0,1,0,0,1,0,0,0,0,0
31.0,38,5.0,45000.0,1,0,0,0,1,0,0,0,0,0
35.0,107,8.0,95000.0,0,1,0,0,0,0,1,0,0,0
49.0,136,19.0,150000.0,1,0,0,0,0,0,1,0,0,0
33.0,90,5.0,50000.0,0,1,0,0,1,0,0,0,0,0
39.0,157,13.0,80000.0,1,0,0,0,0,0,1,0,0,0
44.0,8,16.0,220000.0,0,1,0,0,0,0,0,0,1,0
30.0,22,3.0,50000.0,1,0,0,0,1,0,0,0,0,0
36.0,54,7.0,60000.0,0,1,0,0,1,0,0,0,0,0
41.0,145,14.0,100000.0,1,0,0,0,0,0,1,0,0,0
28.0,16,2.0,40000.0,0,1,0,0,1,0,0,0,0,0
42.0,134,15.0,110000.0,1,0,0,0,0,0,1,0,0,0
37.0,178,9.0,95000.0,0,1,0,0,1,0,0,0,0,0
50.0,180,22.0,130000.0,1,0,0,0,1,0,0,0,0,0
32.0,124,6.0,90000.0,0,1,0,0,0,0,1,0,0,0
23.0,71,0.5,35000.0,1,0,0,0,1,0,0,0,0,0
31.0,132,6.0,95000.0,0,1,0,0,0,0,1,0,0,0
40.0,99,15.0,65000.0,1,0,0,0,1,0,0,0,0,0
48.0,103,20.0,170000.0,0,1,0,0,0,0,0,0,1,0
29.0,70,3.0,45000.0,1,0,0,0,1,0,0,0,0,0
35.0,155,10.0,120000.0,0,1,0,0,0,0,1,0,0,0
42.0,118,17.0,100000.0,1,0,0,0,1,0,0,0,0,0
53.0,33,25.0,180000.0,0,1,0,0,0,0,1,0,0,0
33.0,75,5.0,50000.0,1,0,0,0,1,0,0,0,0,0
38.0,13,11.0,80000.0,0,1,0,0,1,0,0,0,0,0
44.0,165,16.0,140000.0,1,0,0,0,0,0,0,0,1,0
26.0,56,2.0,40000.0,0,1,0,0,1,0,0,0,0,0
37.0,135,9.0,95000.0,1,0,0,0,0,0,1,0,0,0
45.0,119,18.0,110000.0,0,1,0,0,1,0,0,0,0,0
32.0,94,4.0,50000.0,1,0,0,0,1,0,0,0,0,0
34.0,167,8.0,105000.0,0,1,0,0,0,0,1,0,0,0
50.0,34,21.0,160000.0,1,0,0,0,0,0,1,0,0,0
29.0,89,3.0,45000.0,0,1,0,0,1,0,0,0,0,0
40.0,169,12.0,100000.0,1,0,0,0,0,0,1,0,0,0
47.0,161,22.0,160000.0,0,1,0,0,0,0,0,0,1,0
27.0,83,1.0,35000.0,0,1,0,0,1,0,0,0,0,0
39.0,2,10.0,55000.0,1,0,0,0,1,0,0,0,0,0
46.0,159,19.0,140000.0,0,1,0,0,0,0,1,0,0,0
30.0,73,4.0,50000.0,1,0,0,0,1,0,0,0,0,0
36.0,63,7.0,60000.0,0,1,0,0,1,0,0,0,0,0
43.0,156,14.0,120000.0,1,0,0,0,0,0,1,0,0,0
28.0,58,2.0,40000.0,0,1,0,0,1,0,0,0,0,0
41.0,148,13.0,110000.0,1,0,0,0,0,0,1,0,0,0
33.0,86,5.0,50000.0,0,1,0,0,1,0,0,0,0,0
47.0,163,20.0,135000.0,0,1,0,0,1,0,0,0,0,0
25.0,74,1.5,40000.0,1,0,0,0,0,0,1,0,0,0
34.0,124,8.0,90000.0,0,1,0,0,1,0,0,0,0,0
42.0,129,16.0,150000.0,1,0,0,0,0,0,0,0,1,0
31.0,79,4.0,60000.0,0,1,0,0,1,0,0,0,0,0
38.0,123,10.0,80000.0,1,0,0,0,1,0,0,0,0,0
45.0,36,19.0,175000.0,0,1,0,0,0,0,1,0,0,0
29.0,80,3.0,45000.0,1,0,0,0,1,0,0,0,0,0
36.0,125,11.0,120000.0,0,1,0,0,0,0,1,0,0,0
43.0,153,18.0,140000.0,1,0,0,0,0,0,0,0,1,0
26.0,62,2.0,35000.0,0,1,0,0,1,0,0,0,0,0
37.0,145,9.0,95000.0,1,0,0,0,0,0,1,0,0,0
44.0,143,14.0,110000.0,0,1,0,0,1,0,0,0,0,0
32.0,68,5.0,50000.0,1,0,0,0,1,0,0,0,0,0
33.0,152,7.0,115000.0,0,1,0,0,0,0,1,0,0,0
51.0,32,23.0,185000.0,1,0,0,0,0,0,0,0,1,0
28.0,87,2.0,40000.0,0,1,0,0,1,0,0,0,0,0
39.0,164,12.0,90000.0,1,0,0,0,1,0,0,0,0,0
48.0,35,21.0,175000.0,0,1,0,0,0,0,1,0,0,0
30.0,61,3.0,45000.0,1,0,0,0,1,0,0,0,0,0
35.0,146,7.0,80000.0,0,1,0,0,1,0,0,0,0,0
41.0,139,13.0,120000.0,1,0,0,0,0,0,1,0,0,0
27.0,59,1.5,35000.0,0,1,0,0,1,0,0,0,0,0
40.0,122,14.0,110000.0,1,0,0,0,1,0,0,0,0,0
46.0,162,18.0,150000.0,0,1,0,0,0,0,0,0,1,0
31.0,69,4.0,50000.0,1,0,0,0,1,0,0,0,0,0
34.0,168,9.0,105000.0,0,1,0,0,0,0,1,0,0,0
50.0,29,20.0,180000.0,1,0,0,0,0,0,1,0,0,0
29.0,72,2.0,40000.0,0,1,0,0,1,0,0,0,0,0
43.0,159,16.0,140000.0,0,1,0,0,1,0,0,0,0,0
26.0,64,1.5,45000.0,1,0,0,0,0,0,1,0,0,0
35.0,150,7.0,85000.0,0,1,0,0,1,0,0,0,0,0
42.0,148,18.0,140000.0,1,0,0,0,0,0,0,0,1,0
31.0,56,4.0,50000.0,0,1,0,0,1,0,0,0,0,0
38.0,138,10.0,80000.0,1,0,0,0,1,0,0,0,0,0
46.0,34,20.0,170000.0,0,1,0,0,0,0,1,0,0,0
29.0,83,2.0,40000.0,1,0,0,0,1,0,0,0,0,0
37.0,124,9.0,105000.0,0,1,0,0,0,0,1,0,0,0
44.0,170,15.0,145000.0,1,0,0,0,0,0,0,0,1,0
27.0,78,2.0,40000.0,0,1,0,0,1,0,0,0,0,0
36.0,149,8.0,85000.0,1,0,0,0,1,0,0,0,0,0
43.0,142,14.0,130000.0,0,1,0,0,1,0,0,0,0,0
33.0,132,6.0,95000.0,1,0,0,0,0,0,1,0,0,0
34.0,160,9.0,100000.0,0,1,0,0,1,0,0,0,0,0
50.0,37,22.0,180000.0,1,0,0,0,0,0,0,0,1,0
28.0,75,1.5,35000.0,0,1,0,0,1,0,0,0,0,0
39.0,121,12.0,95000.0,1,0,0,0,1,0,0,0,0,0
47.0,26,19.0,170000.0,0,1,0,0,0,0,1,0,0,0
30.0,84,3.0,45000.0,1,0,0,0,1,0,0,0,0,0
34.0,155,7.0,95000.0,0,1,0,0,1,0,0,0,0,0
40.0,140,13.0,120000.0,1,0,0,0,0,0,1,0,0,0
41.0,146,11.0,90000.0,1,0,0,0,1,0,0,0,0,0
45.0,127,17.0,155000.0,0,1,0,0,0,0,0,0,1,0
32.0,55,5.0,55000.0,1,0,0,0,1,0,0,0,0,0
35.0,167,9.0,110000.0,0,1,0,0,0,0,1,0,0,0
49.0,31,21.0,180000.0,1,0,0,0,0,0,1,0,0,0
30.0,57,3.0,45000.0,0,1,0,0,1,0,0,0,0,0
44.0,163,16.0,130000.0,0,1,0,0,1,0,0,0,0,0
27.0,88,1.5,45000.0,1,0,0,0,0,0,1,0,0,0
36.0,123,7.0,90000.0,0,1,0,0,1,0,0,0,0,0
41.0,147,17.0,160000.0,1,0,0,0,0,0,0,0,1,0
31.0,70,4.0,50000.0,0,1,0,0,1,0,0,0,0,0
39.0,152,10.0,120000.0,1,0,0,0,1,0,0,0,0,0
47.0,29,20.0,170000.0,0,1,0,0,0,0,1,0,0,0
30.0,72,2.0,40000.0,1,0,0,0,1,0,0,0,0,0
38.0,141,9.0,110000.0,0,1,0,0,0,0,1,0,0,0
45.0,153,15.0,150000.0,1,0,0,0,0,0,0,0,1,0
28.0,59,2.0,40000.0,0,1,0,0,1,0,0,0,0,0
35.0,145,8.0,85000.0,1,0,0,0,1,0,0,0,0,0
44.0,168,14.0,130000.0,0,1,0,0,1,0,0,0,0,0
34.0,131,6.0,100000.0,1,0,0,0,0,0,1,0,0,0
35.0,157,9.0,95000.0,0,1,0,0,1,0,0,0,0,0
50.0,34,22.0,180000.0,1,0,0,0,0,0,0,0,1,0
29.0,60,1.5,35000.0,0,1,0,0,1,0,0,0,0,0
40.0,164,12.0,100000.0,1,0,0,0,1,0,0,0,0,0
48.0,33,19.0,170000.0,0,1,0,0,0,0,1,0,0,0
31.0,85,3.0,45000.0,1,0,0,0,1,0,0,0,0,0
33.0,154,7.0,100000.0,0,1,0,0,1,0,0,0,0,0
42.0,139,13.0,140000.0,1,0,0,0,0,0,1,0,0,0
28.0,68,2.0,40000.0,0,1,0,0,1,0,0,0,0,0
40.0,148,11.0,105000.0,1,0,0,0,1,0,0,0,0,0
46.0,129,18.0,160000.0,0,1,0,0,0,0,0,0,1,0
33.0,77,5.0,70000.0,1,0,0,0,1,0,0,0,0,0
37.0,166,9.0,120000.0,0,1,0,0,0,0,1,0,0,0
51.0,32,21.0,190000.0,1,0,0,0,0,0,1,0,0,0
30.0,74,3.0,45000.0,0,1,0,0,1,0,0,0,0,0
43.0,159,15.0,120000.0,0,1,0,0,1,0,0,0,0,0
27.0,81,1.5,50000.0,1,0,0,0,0,0,1,0,0,0
35.0,150,8.0,85000.0,0,1,0,0,1,0,0,0,0,0
42.0,148,13.0,140000.0,1,0,0,0,0,0,0,0,1,0
32.0,83,3.0,45000.0,0,1,0,0,1,0,0,0,0,0
37.0,132,9.0,100000.0,1,0,0,0,1,0,0,0,0,0
45.0,167,16.0,140000.0,0,1,0,0,0,0,1,0,0,0
33.0,75,5.0,70000.0,1,0,0,0,1,0,0,0,0,0
39.0,149,10.0,120000.0,0,1,0,0,1,0,0,0,0,0
44.0,136,18.0,160000.0,1,0,0,0,0,0,0,0,1,0
29.0,58,1.5,40000.0,0,1,0,0,1,0,0,0,0,0
38.0,155,10.0,120000.0,1,0,0,0,1,0,0,0,0,0
46.0,127,19.0,150000.0,0,1,0,0,0,0,0,0,1,0
34.0,71,6.0,70000.0,1,0,0,0,1,0,0,0,0,0
36.0,152,8.0,95000.0,0,1,0,0,1,0,0,0,0,0
49.0,33,21.0,180000.0,1,0,0,0,0,0,1,0,0,0
31.0,68,3.0,50000.0,0,1,0,0,1,0,0,0,0,0
41.0,157,11.0,95000.0,1,0,0,0,1,0,0,0,0,0
47.0,34,20.0,170000.0,0,1,0,0,0,0,1,0,0,0
29.0,60,1.5,350.0,0,1,0,0,1,0,0,0,0,0
37.0,133,10.0,120000.0,1,0,0,0,1,0,0,0,0,0
31.0,72,3.0,50000.0,1,0,0,0,1,0,0,0,0,0
42.0,152,12.0,110000.0,0,1,0,0,1,0,0,0,0,0
29.0,83,1.5,40000.0,1,0,0,0,1,0,0,0,0,0
36.0,149,8.0,95000.0,0,1,0,0,1,0,0,0,0,0
44.0,137,15.0,140000.0,1,0,0,0,0,0,1,0,0,0
33.0,77,4.0,60000.0,0,1,0,0,1,0,0,0,0,0
39.0,146,9.0,110000.0,1,0,0,0,1,0,0,0,0,0
45.0,128,16.0,150000.0,0,1,0,0,0,0,0,0,1,0
32.0,73,4.0,60000.0,1,0,0,0,1,0,0,0,0,0
37.0,132,8.0,90000.0,0,1,0,0,1,0,0,0,0,0
47.0,33,20.0,180000.0,1,0,0,0,0,0,1,0,0,0
30.0,58,2.0,40000.0,0,1,0,0,1,0,0,0,0,0
38.0,159,9.0,120000.0,1,0,0,0,1,0,0,0,0,0
46.0,127,17.0,160000.0,0,1,0,0,0,0,0,0,1,0
34.0,68,5.0,70000.0,1,0,0,0,1,0,0,0,0,0
36.0,155,8.0,95000.0,0,1,0,0,1,0,0,0,0,0
49.0,34,21.0,180000.0,1,0,0,0,0,0,1,0,0,0
31.0,75,3.0,50000.0,0,1,0,0,1,0,0,0,0,0
47.0,33,19.0,170000.0,0,1,0,0,0,0,1,0,0,0
29.0,59,1.5,35000.0,1,0,0,0,1,0,0,0,0,0
35.0,133,9.0,100000.0,0,1,0,0,1,0,0,0,0,0
44.0,153,15.0,150000.0,1,0,0,0,0,0,0,0,1,0
33.0,58,4.0,60000.0,0,1,0,0,1,0,0,0,0,0
44.0,168,13.0,130000.0,0,1,0,0,1,0,0,0,0,0
32.0,78,4.0,65000.0,0,1,0,0,1,0,0,0,0,0
38.0,124,10.0,110000.0,1,0,0,0,1,0,0,0,0,0
49.0,34,21.0,180000.0,0,1,0,0,0,0,0,0,1,0
29.0,74,2.0,40000.0,1,0,0,0,1,0,0,0,0,0
35.0,125,7.0,90000.0,0,1,0,0,1,0,0,0,0,0
45.0,136,14.0,140000.0,1,0,0,0,0,0,1,0,0,0
33.0,68,4.0,60000.0,0,1,0,0,1,0,0,0,0,0
40.0,148,12.0,130000.0,1,0,0,0,1,0,0,0,0,0
44.0,129,16.0,160000.0,0,1,0,0,0,0,0,0,1,0
30.0,76,2.0,40000.0,1,0,0,0,1,0,0,0,0,0
37.0,145,9.0,100000.0,0,1,0,0,1,0,0,0,0,0
48.0,30,20.0,180000.0,1,0,0,0,0,0,1,0,0,0
31.0,79,3.0,55000.0,0,1,0,0,1,0,0,0,0,0
38.0,151,9.0,120000.0,1,0,0,0,1,0,0,0,0,0
33.0,73,5.0,70000.0,1,0,0,0,1,0,0,0,0,0
36.0,124,8.0,95000.0,0,1,0,0,1,0,0,0,0,0
42.0,159,12.0,120000.0,1,0,0,0,1,0,0,0,0,0
34.0,131,6.0,80000.0,1,0,0,0,0,0,1,0,0,0
30.0,69,2.0,40000.0,1,0,0,0,1,0,0,0,0,0
37.0,125,10.0,120000.0,0,1,0,0,1,0,0,0,0,0
45.0,148,16.0,160000.0,1,0,0,0,0,0,1,0,0,0
32.0,67,4.0,65000.0,0,1,0,0,1,0,0,0,0,0
39.0,159,12.0,130000.0,1,0,0,0,1,0,0,0,0,0
47.0,28,20.0,180000.0,0,1,0,0,0,0,0,0,1,0
29.0,71,2.0,40000.0,1,0,0,0,1,0,0,0,0,0
36.0,152,9.0,100000.0,0,1,0,0,1,0,0,0,0,0
43.0,129,15.0,150000.0,1,0,0,0,0,0,0,0,1,0
32.0,72,3.0,55000.0,0,1,0,0,1,0,0,0,0,0
48.0,33,21.0,180000.0,0,1,0,0,0,0,1,0,0,0
31.0,59,3.0,50000.0,1,0,0,0,1,0,0,0,0,0
40.0,132,12.0,130000.0,0,1,0,0,1,0,0,0,0,0
45.0,170,16.0,160000.0,1,0,0,0,0,0,0,0,1,0
33.0,78,4.0,60000.0,0,1,0,0,1,0,0,0,0,0
36.0,148,8.0,95000.0,1,0,0,0,1,0,0,0,0,0
47.0,34,19.0,170000.0,0,1,0,0,0,0,1,0,0,0
29.0,79,2.0,40000.0,1,0,0,0,1,0,0,0,0,0
34.0,151,7.0,90000.0,0,1,0,0,1,0,0,0,0,0
44.0,124,15.0,150000.0,1,0,0,0,0,0,0,0,1,0
33.0,74,5.0,70000.0,0,1,0,0,1,0,0,0,0,0
35.0,133,8.0,90000.0,1,0,0,0,1,0,0,0,0,0
43.0,33,18.0,170000.0,0,1,0,0,0,0,1,0,0,0
31.0,68,3.0,50000.0,1,0,0,0,1,0,0,0,0,0
41.0,155,14.0,150000.0,0,1,0,0,1,0,0,0,0,0
44.0,128,16.0,160000.0,1,0,0,0,0,0,0,0,1,0
45.0,28,19.0,180000.0,0,1,0,0,0,0,1,0,0,0
28.0,77,1.0,35000.0,1,0,0,0,1,0,0,0,0,0
36.0,125,8.0,110000.0,0,1,0,0,1,0,0,0,0,0
44.0,129,16.0,160000.0,1,0,0,0,0,0,0,0,1,0
31.0,72,3.0,55000.0,0,1,0,0,1,0,0,0,0,0
43.0,34,19.0,170000.0,0,1,0,0,0,0,1,0,0,0
31.0,20,6.0,160000.0,0,1,0,0,0,0,1,0,0,0
28.0,175,3.0,125000.0,1,0,0,0,1,0,0,0,0,0
26.0,106,2.0,120000.0,0,1,0,0,0,0,1,0,0,0
27.0,18,2.0,110000.0,1,0,0,0,1,0,0,0,0,0
30.0,20,5.0,180000.0,0,1,0,0,0,0,0,0,1,0
29.0,175,4.0,140000.0,1,0,0,0,1,0,0,0,0,0
32.0,106,7.0,170000.0,0,1,0,0,1,0,0,0,0,0
25.0,18,1.0,100000.0,1,0,0,0,0,0,1,0,0,0
33.0,20,8.0,190000.0,0,1,0,0,0,0,0,0,1,0
31.0,175,6.0,155000.0,1,0,0,0,1,0,0,0,0,0
28.0,106,3.0,130000.0,0,1,0,0,0,0,1,0,0,0
30.0,18,5.0,145000.0,1,0,0,0,1,0,0,0,0,0
27.0,20,2.0,115000.0,0,1,0,0,0,0,0,0,1,0
34.0,106,9.0,185000.0,0,1,0,0,1,0,0,0,0,0
28.0,175,3.0,125000.0,0,1,0,0,1,0,0,0,0,0
26.0,106,2.0,120000.0,1,0,0,0,0,0,1,0,0,0
27.0,18,2.0,110000.0,0,1,0,0,1,0,0,0,0,0
30.0,20,5.0,180000.0,1,0,0,0,0,0,0,0,1,0
29.0,175,4.0,140000.0,0,1,0,0,1,0,0,0,0,0
26.0,18,3.0,130000.0,0,1,0,0,1,0,0,0,0,0
29.0,20,6.0,180000.0,1,0,0,0,0,0,1,0,0,0
32.0,175,8.0,190000.0,0,1,0,0,1,0,0,0,0,0
27.0,106,4.0,150000.0,1,0,0,0,1,0,0,0,0,0
24.0,18,1.0,90000.0,0,1,0,0,1,0,0,0,0,0
31.0,20,9.0,195000.0,1,0,0,0,0,0,1,0,0,0
28.0,175,5.0,160000.0,0,1,0,0,1,0,0,0,0,0
33.0,106,11.0,198000.0,1,0,0,0,0,0,1,0,0,0
25.0,18,2.0,110000.0,0,1,0,0,1,0,0,0,0,0
30.0,20,7.0,185000.0,1,0,0,0,0,0,0,0,1,0
27.0,175,4.0,140000.0,0,1,0,0,1,0,0,0,0,0
34.0,106,12.0,196000.0,1,0,0,0,0,0,1,0,0,0
23.0,18,1.0,95000.0,0,1,0,0,1,0,0,0,0,0
32.0,20,10.0,193000.0,1,0,0,0,0,0,0,0,1,0
29.0,175,6.0,175000.0,0,1,0,0,1,0,0,0,0,0
30.0,106,5.0,160000.0,1,0,0,0,1,0,0,0,0,0
31.0,20,6.0,180000.0,1,0,0,0,0,0,1,0,0,0
31.0,18,9.0,195000.0,0,1,0,0,1,0,0,0,0,0
28.0,175,5.0,160000.0,1,0,0,0,1,0,0,0,0,0
33.0,106,11.0,198000.0,0,1,0,0,0,0,1,0,0,0
26.0,18,3.0,130000.0,1,0,0,0,1,0,0,0,0,0
30.0,20,7.0,185000.0,0,1,0,0,0,0,0,0,1,0
27.0,175,4.0,140000.0,1,0,0,0,1,0,0,0,0,0
34.0,106,12.0,196000.0,0,1,0,0,0,0,1,0,0,0
25.0,18,2.0,110000.0,1,0,0,0,1,0,0,0,0,0
30.0,18,5.0,160000.0,0,1,0,0,1,0,0,0,0,0
31.0,20,9.0,195000.0,1,0,0,0,0,0,0,0,1,0
25.0,18,2.0,125000.0,0,1,0,0,1,0,0,0,0,0
28.0,20,6.0,175000.0,1,0,0,0,0,0,1,0,0,0
30.0,175,8.0,190000.0,0,1,0,0,1,0,0,0,0,0
24.0,18,1.0,95000.0,0,1,0,0,1,0,0,0,0,0
31.0,20,9.0,195000.0,0,1,0,0,0,0,1,0,0,0
23.0,18,1.0,90000.0,0,1,0,0,1,0,0,0,0,0
29.0,175,6.0,170000.0,0,1,0,0,1,0,0,0,0,0
26.0,18,3.0,135000.0,0,1,0,0,1,0,0,0,0,0
25.0,18,2.0,115000.0,0,1,0,0,1,0,0,0,0,0
27.0,20,4.0,150000.0,1,0,0,0,0,0,1,0,0,0
24.0,106,3.0,125000.0,1,0,0,0,1,0,0,0,0,0
31.0,20,7.0,180000.0,0,1,0,0,0,0,1,0,0,0
33.0,106,10.0,195000.0,1,0,0,0,0,0,1,0,0,0
30.0,20,6.0,170000.0,1,0,0,0,0,0,0,0,1,0
34.0,106,11.0,196000.0,1,0,0,0,0,0,1,0,0,0
23.0,18,1.0,92000.0,0,1,0,0,1,0,0,0,0,0
32.0,20,9.0,195000.0,1,0,0,0,0,0,0,0,1,0
28.0,175,5.0,165000.0,0,1,0,0,1,0,0,0,0,0
25.0,18,3.0,135000.0,0,1,0,0,1,0,0,0,0,0
33.0,106,11.0,196000.0,1,0,0,0,0,0,1,0,0,0
24.0,18,1.0,92000.0,0,1,0,0,1,0,0,0,0,0
32.0,18,5.0,135000.0,0,1,0,0,0,1,0,0,0,0
27.0,20,3.0,180000.0,1,0,0,0,0,0,0,1,0,0
40.0,175,12.0,195000.0,0,1,0,0,0,1,0,0,0,0
35.0,106,8.0,165000.0,1,0,0,0,0,1,0,0,0,0
43.0,20,15.0,198000.0,0,1,0,0,0,0,0,1,0,0
29.0,175,4.0,150000.0,1,0,0,0,0,1,0,0,0,0
36.0,18,9.0,162000.0,0,1,0,0,0,1,0,0,0,0
31.0,20,6.0,175000.0,0,1,0,0,0,0,0,1,0,0
42.0,175,13.0,197000.0,1,0,0,0,0,1,0,0,0,0
33.0,18,7.0,142000.0,0,1,0,0,0,1,0,0,0,0
29.0,20,4.0,182000.0,1,0,0,0,0,0,0,1,0,0
41.0,175,11.0,185000.0,0,1,0,0,0,1,0,0,0,0
35.0,106,8.0,170000.0,1,0,0,0,0,1,0,0,0,0
27.0,175,4.0,160000.0,0,1,0,0,1,0,0,0,0,0
32.0,20,8.0,180000.0,0,1,0,0,1,0,0,0,0,0
29.0,18,6.0,150000.0,1,0,0,0,0,0,1,0,0,0
30.0,18,5.0,140000.0,0,1,0,0,1,0,0,0,0,0
24.0,18,2.0,100000.0,0,1,0,0,1,0,0,0,0,0
33.0,106,11.0,190000.0,1,0,0,0,0,0,1,0,0,0
26.0,18,3.0,120000.0,0,1,0,0,1,0,0,0,0,0
30.0,20,7.0,170000.0,1,0,0,0,0,0,0,0,1,0
31.0,18,9.0,190000.0,0,1,0,0,1,0,0,0,0,0
28.0,175,5.0,150000.0,1,0,0,0,1,0,0,0,0,0
26.0,18,3.0,120000.0,1,0,0,0,1,0,0,0,0,0
30.0,20,7.0,170000.0,0,1,0,0,0,0,0,0,1,0
27.0,106,4.0,130000.0,1,0,0,0,1,0,0,0,0,0
24.0,18,2.0,95000.0,0,1,0,0,1,0,0,0,0,0
33.0,106,11.0,195000.0,0,1,0,0,0,0,1,0,0,0
25.0,18,2.0,100000.0,0,1,0,0,1,0,0,0,0,0
28.0,175,5.0,150000.0,0,1,0,0,1,0,0,0,0,0
29.0,20,6.0,150000.0,1,0,0,0,0,0,1,0,0,0
33.0,106,11.0,195000.0,1,0,0,0,0,0,1,0,0,0
31.0,20,6.0,170000.0,1,0,0,0,0,0,1,0,0,0
32.0,175,8.0,180000.0,0,1,0,0,1,0,0,0,0,0
34.0,106,12.0,190000.0,1,0,0,0,0,0,1,0,0,0
25.0,18,2.0,100000.0,1,0,0,0,1,0,0,0,0,0
29.0,175,7.0,180000.0,0,1,0,0,1,0,0,0,0,0
27.0,18,5.0,120000.0,1,0,0,0,1,0,0,0,0,0
33.0,20,10.0,195000.0,0,1,0,0,0,0,1,0,0,0
28.0,175,4.0,160000.0,0,1,0,0,1,0,0,0,0,0
26.0,18,3.0,100000.0,1,0,0,0,1,0,0,0,0,0
31.0,106,8.0,190000.0,0,1,0,0,1,0,0,0,0,0
30.0,175,6.0,170000.0,0,1,0,0,0,0,1,0,0,0
32.0,20,9.0,185000.0,1,0,0,0,1,0,0,0,0,0
29.0,18,7.0,130000.0,0,1,0,0,1,0,0,0,0,0
35.0,106,12.0,190000.0,1,0,0,0,1,0,0,0,0,0
27.0,175,5.0,150000.0,0,1,0,0,1,0,0,0,0,0
28.0,20,6.0,150000.0,1,0,0,0,0,0,1,0,0,0
37.0,106,14.0,195000.0,0,1,0,0,0,0,0,0,1,0
26.0,18,3.0,110000.0,0,1,0,0,1,0,0,0,0,0
30.0,175,8.0,180000.0,1,0,0,0,1,0,0,0,0,0
31.0,20,9.0,185000.0,0,1,0,0,0,0,1,0,0,0
29.0,18,7.0,130000.0,1,0,0,0,1,0,0,0,0,0
32.0,175,10.0,190000.0,0,1,0,0,1,0,0,0,0,0
28.0,20,6.0,155000.0,1,0,0,0,0,0,1,0,0,0
34.0,175,12.0,195000.0,0,1,0,0,1,0,0,0,0,0
25.0,18,2.0,90000.0,1,0,0,0,1,0,0,0,0,0
30.0,106,8.0,185000.0,0,1,0,0,1,0,0,0,0,0
29.0,18,6.0,120000.0,1,0,0,0,1,0,0,0,0,0
31.0,175,9.0,180000.0,0,1,0,0,1,0,0,0,0,0
27.0,18,5.0,125000.0,1,0,0,0,1,0,0,0,0,0
28.0,168,7.0,175000.0,0,1,0,0,0,1,0,0,0,0
44.0,176,18.0,190000.0,0,1,0,0,0,0,0,0,1,0
33.0,3,5.0,110000.0,1,0,0,0,0,0,0,1,0,0
50.0,158,16.0,195000.0,0,1,0,0,0,0,0,0,1,0
27.0,44,3.0,100000.0,1,0,0,0,0,0,0,1,0,0
25.0,43,1.0,60000.0,0,1,0,0,0,1,0,0,0,0
35.0,168,8.0,155000.0,0,1,0,0,0,0,0,1,0,0
47.0,44,12.0,175000.0,1,0,0,0,0,0,0,0,1,0
46.0,158,13.0,180000.0,1,0,0,0,0,0,0,1,0,0
32.0,3,4.0,95000.0,0,1,0,0,0,1,0,0,0,0
61.0,176,20.0,200000.0,0,1,0,0,0,0,0,0,1,0
41.0,168,11.0,165000.0,0,1,0,0,0,0,0,1,0,0
37.0,158,9.0,145000.0,0,1,0,0,0,0,0,1,0,0
53.0,176,19.0,195000.0,0,1,0,0,0,0,0,0,1,0
30.0,43,2.0,75000.0,1,0,0,0,0,1,0,0,0,0
26.0,3,3.0,90000.0,1,0,0,0,0,0,0,1,0,0
37.0,168,9.0,155000.0,1,0,0,0,0,0,0,1,0,0
32.0,44,5.0,115000.0,0,1,0,0,0,1,0,0,0,0
44.0,168,12.0,170000.0,1,0,0,0,0,0,0,1,0,0
50.0,176,16.0,190000.0,1,0,0,0,0,0,0,0,1,0
27.0,158,4.0,115000.0,0,1,0,0,0,1,0,0,0,0
42.0,44,14.0,180000.0,0,1,0,0,0,0,0,0,1,0
57.0,176,18.0,195000.0,0,1,0,0,0,0,0,0,1,0
35.0,168,7.0,140000.0,0,1,0,0,0,0,0,1,0,0
62.0,176,19.0,200000.0,0,1,0,0,0,0,0,0,1,0
26.0,3,2.0,70000.0,1,0,0,0,0,0,0,1,0,0
42.0,158,11.0,170000.0,1,0,0,0,0,0,0,1,0,0
41.0,176,14.0,185000.0,1,0,0,0,0,0,0,0,1,0
36.0,44,8.0,140000.0,1,0,0,0,0,0,0,1,0,0
49.0,176,15.0,185000.0,0,1,0,0,0,0,0,0,1,0
49.0,158,15.0,185000.0,0,1,0,0,0,0,0,0,1,0
47.0,176,15.0,180000.0,0,1,0,0,0,0,0,0,1,0
47.0,168,14.0,175000.0,0,1,0,0,0,0,0,0,1,0
26.0,43,2.0,70000.0,0,1,0,0,0,1,0,0,0,0
24.0,3,1.0,60000.0,1,0,0,0,0,1,0,0,0,0
62.0,176,20.0,200000.0,0,1,0,0,0,0,0,0,1,0
42.0,168,14.0,170000.0,0,1,0,0,0,0,0,0,1,0
41.0,158,11.0,165000.0,1,0,0,0,0,0,0,1,0,0
23.0,44,1.0,55000.0,0,1,0,0,0,1,0,0,0,0
55.0,176,17.0,190000.0,0,1,0,0,0,0,0,0,1,0
33.0,43,5.0,105000.0,1,0,0,0,0,1,0,0,0,0
31.0,44,6.0,130000.0,0,1,0,0,0,0,0,1,0,0
50.0,176,16.0,185000.0,1,0,0,0,0,0,0,0,1,0
24.0,3,1.0,60000.0,1,0,0,0,0,0,0,1,0,0
56.0,176,17.0,195000.0,0,1,0,0,0,0,0,0,1,0
24.0,43,1.0,60000.0,0,1,0,0,0,1,0,0,0,0
37.0,168,8.0,150000.0,0,1,0,0,0,0,0,1,0,0
43.0,158,13.0,180000.0,1,0,0,0,0,0,0,0,1,0
34.0,3,6.0,125000.0,0,1,0,0,0,0,0,1,0,0
45.0,176,15.0,185000.0,0,1,0,0,0,0,0,0,1,0
29.0,44,3.0,90000.0,0,1,0,0,0,1,0,0,0,0
29.0,43,3.0,80000.0,0,1,0,0,0,1,0,0,0,0
29.0,3,3.0,85000.0,1,0,0,0,0,1,0,0,0,0
48.0,158,16.0,190000.0,0,1,0,0,0,0,0,0,1,0
43.0,176,11.0,160000.0,1,0,0,0,0,0,0,1,0,0
54.0,176,17.0,195000.0,0,1,0,0,0,0,0,0,1,0
60.0,176,18.0,195000.0,0,1,0,0,0,0,0,0,1,0
54.0,176,14.0,190000.0,1,0,0,0,0,0,0,0,1,0
27.0,44,3.0,95000.0,1,0,0,0,0,0,0,1,0,0
23.0,3,1.0,55000.0,0,1,0,0,0,1,0,0,0,0
45.0,168,13.0,185000.0,0,1,0,0,0,0,0,0,1,0
32.0,44,5.0,120000.0,1,0,0,0,0,0,0,1,0,0
57.0,176,16.0,195000.0,0,1,0,0,0,0,0,0,1,0
47.0,176,14.0,175000.0,0,1,0,0,0,0,0,0,1,0
25.0,3,2.0,75000.0,1,0,0,0,0,0,0,1,0,0
58.0,176,17.0,200000.0,0,1,0,0,0,0,0,0,1,0
41.0,168,12.0,160000.0,1,0,0,0,0,0,0,1,0,0
41.0,176,12.0,175000.0,0,1,0,0,0,0,0,0,1,0
47.0,168,15.0,180000.0,0,1,0,0,0,0,0,0,1,0
32.0,44,5.0,120000.0,0,1,0,0,0,1,0,0,0,0
45.0,158,14.0,185000.0,0,1,0,0,0,0,0,0,1,0
53.0,176,18.0,195000.0,0,1,0,0,0,0,0,0,1,0
47.0,168,14.0,170000.0,1,0,0,0,0,0,0,0,1,0
23.0,43,1.0,55000.0,0,1,0,0,0,1,0,0,0,0
33.0,3,6.0,130000.0,0,1,0,0,0,0,0,1,0,0
42.0,176,14.0,180000.0,0,1,0,0,0,0,0,0,1,0
37.0,168,9.0,145000.0,0,1,0,0,0,0,0,1,0,0
44.0,158,12.0,170000.0,1,0,0,0,0,0,0,1,0,0
38.0,3,10.0,155000.0,1,0,0,0,0,0,0,1,0,0
34.0,44,6.0,125000.0,0,1,0,0,0,0,0,1,0,0
46.0,176,14.0,180000.0,1,0,0,0,0,0,0,0,1,0
30.0,3,4.0,95000.0,0,1,0,0,0,1,0,0,0,0
44.0,168,11.0,170000.0,1,0,0,0,0,0,0,1,0,0
42.0,158,14.0,175000.0,0,1,0,0,0,0,0,0,1,0
27.0,43,3.0,80000.0,0,1,0,0,0,1,0,0,0,0
54.0,176,18.0,195000.0,0,1,0,0,0,0,0,0,1,0
38.0,168,10.0,155000.0,0,1,0,0,0,0,0,1,0,0
31.0,158,6.0,125000.0,0,1,0,0,0,0,0,1,0,0
28.0,44,4.0,110000.0,1,0,0,0,0,0,0,1,0,0
30.0,3,6.0,130000.0,1,0,0,0,0,0,0,1,0,0
54.0,176,16.0,190000.0,0,1,0,0,0,0,0,0,1,0
37.0,168,9.0,150000.0,0,1,0,0,0,0,0,1,0,0
31.0,168,7.0,140000.0,0,1,0,0,0,0,0,1,0,0
58.0,176,17.0,195000.0,1,0,0,0,0,0,0,0,1,0
23.0,3,1.0,55000.0,1,0,0,0,0,1,0,0,0,0
52.0,176,16.0,190000.0,1,0,0,0,0,0,0,0,1,0
32.0,44,6.0,130000.0,1,0,0,0,0,0,0,1,0,0
32.0,3,6.0,130000.0,0,1,0,0,0,0,0,1,0,0
34.0,44,7.0,140000.0,0,1,0,0,0,0,0,1,0,0
28.0,43,2.0,70000.0,0,1,0,0,0,1,0,0,0,0
44.0,158,11.0,170000.0,0,1,0,0,0,0,0,1,0,0
46.0,176,14.0,180000.0,0,1,0,0,0,0,0,0,1,0
27.0,3,2.0,70000.0,1,0,0,0,0,0,0,1,0,0
23.0,43,1.0,55000.0,1,0,0,0,0,1,0,0,0,0
43.0,176,13.0,180000.0,0,1,0,0,0,0,0,0,1,0
28.0,43,2.0,70000.0,1,0,0,0,0,1,0,0,0,0
43.0,158,12.0,165000.0,0,1,0,0,0,0,0,1,0,0
43.0,158,13.0,185000.0,0,1,0,0,0,0,0,0,1,0
36.0,168,7.0,140000.0,0,1,0,0,0,0,0,1,0,0
28.0,43,3.0,80000.0,1,0,0,0,0,1,0,0,0,0
28.0,3,3.0,90000.0,1,0,0,0,0,0,0,1,0,0
43.0,168,12.0,170000.0,0,1,0,0,0,0,0,0,1,0
44.0,158,12.0,170000.0,0,1,0,0,0,0,0,0,1,0
37.0,168,10.0,155000.0,0,1,0,0,0,0,0,1,0,0
56.0,176,18.0,195000.0,0,1,0,0,0,0,0,0,1,0
27.0,43,2.0,70000.0,0,1,0,0,0,1,0,0,0,0
31.0,44,7.0,140000.0,0,1,0,0,0,0,0,1,0,0
50.0,176,16.0,190000.0,0,1,0,0,0,0,0,0,1,0
33.0,44,6.0,130000.0,0,1,0,0,0,0,0,1,0,0
41.0,158,12.0,165000.0,0,1,0,0,0,0,0,0,1,0
24.0,43,1.0,55000.0,1,0,0,0,0,1,0,0,0,0
43.0,158,12.0,165000.0,0,1,0,0,0,0,0,0,1,0
58.0,176,17.0,195000.0,0,1,0,0,0,0,0,0,1,0
29.0,43,3.0,85000.0,1,0,0,0,0,1,0,0,0,0
52.0,176,18.0,200000.0,0,1,0,0,0,0,0,0,1,0
36.0,44,8.0,140000.0,0,1,0,0,0,0,0,1,0,0
26.0,3,2.0,65000.0,0,1,0,0,0,1,0,0,0,0
47.0,158,16.0,190000.0,0,1,0,0,0,0,0,0,1,0
32.0,44,6.0,120000.0,0,1,0,0,0,0,0,1,0,0
57.0,176,18.0,200000.0,0,1,0,0,0,0,0,0,1,0
51.0,176,16.0,190000.0,0,1,0,0,0,0,0,0,1,0
27.0,3,2.0,65000.0,1,0,0,0,0,0,0,1,0,0
36.0,44,7.0,130000.0,0,1,0,0,0,0,0,1,0,0
33.0,44,5.0,120000.0,1,0,0,0,0,0,0,1,0,0
25.0,43,1.0,55000.0,0,1,0,0,0,1,0,0,0,0
40.0,168,12.0,160000.0,0,1,0,0,0,0,0,0,1,0
36.0,168,8.0,140000.0,0,1,0,0,0,0,0,1,0,0
31.0,158,7.0,135000.0,0,1,0,0,0,0,0,1,0,0
24.0,3,1.0,55000.0,0,1,0,0,0,1,0,0,0,0
34.0,43,5.0,95000.0,0,1,0,0,0,1,0,0,0,0
43.0,168,12.0,170000.0,1,0,0,0,0,0,0,1,0,0
27.0,3,2.0,75000.0,0,1,0,0,0,1,0,0,0,0
56.0,176,18.0,210000.0,1,0,0,0,0,0,0,0,1,0
32.0,44,7.0,135000.0,0,1,0,0,0,0,0,1,0,0
46.0,158,16.0,190000.0,0,1,0,0,0,0,0,0,1,0
41.0,158,11.0,165000.0,1,0,0,0,0,0,0,0,1,0
34.0,3,6.0,120000.0,0,1,0,0,0,1,0,0,0,0
40.0,168,12.0,160000.0,1,0,0,0,0,0,0,0,1,0
24.0,43,1.0,55000.0,0,1,0,0,0,1,0,0,0,0
36.0,43,7.0,120000.0,0,1,0,0,0,1,0,0,0,0
29.0,3,3.0,90000.0,1,0,0,0,0,0,0,1,0,0
41.0,176,14.0,180000.0,1,0,0,0,0,0,0,0,1,0
33.0,44,7.0,130000.0,0,1,0,0,0,1,0,0,0,0
42.0,168,12.0,170000.0,0,1,0,0,0,0,0,0,1,0
28.0,3,2.0,70000.0,0,1,0,0,0,1,0,0,0,0
55.0,176,18.0,210000.0,0,1,0,0,0,0,0,0,1,0
26.0,43,1.0,55000.0,1,0,0,0,0,0,0,1,0,0
44.0,176,11.0,165000.0,1,0,0,0,0,0,0,0,1,0
30.0,44,5.0,105000.0,0,1,0,0,0,0,0,1,0,0
39.0,168,11.0,160000.0,1,0,0,0,0,0,0,1,0,0
32.0,43,6.0,110000.0,0,1,0,0,0,1,0,0,0,0
50.0,176,17.0,195000.0,0,1,0,0,0,0,0,0,1,0
27.0,3,3.0,85000.0,0,1,0,0,0,1,0,0,0,0
46.0,158,14.0,180000.0,0,1,0,0,0,0,0,0,1,0
25.0,43,1.0,55000.0,1,0,0,0,0,1,0,0,0,0
35.0,3,8.0,140000.0,0,1,0,0,0,1,0,0,0,0
35.0,44,8.0,145000.0,0,1,0,0,0,1,0,0,0,0
41.0,158,13.0,185000.0,0,1,0,0,0,0,0,0,1,0
33.0,43,6.0,110000.0,0,1,0,0,0,1,0,0,0,0
31.0,43,6.0,115000.0,0,1,0,0,0,1,0,0,0,0
42.0,176,13.0,170000.0,1,0,0,0,0,0,0,1,0,0
27.0,3,3.0,80000.0,1,0,0,0,0,1,0,0,0,0
51.0,158,19.0,200000.0,0,1,0,0,0,0,0,0,1,0
34.0,44,7.0,130000.0,1,0,0,0,0,0,0,1,0,0
38.0,176,11.0,155000.0,0,1,0,0,0,1,0,0,0,0
29.0,43,5.0,105000.0,0,1,0,0,0,1,0,0,0,0
43.0,158,14.0,190000.0,1,0,0,0,0,0,0,0,1,0
36.0,3,8.0,140000.0,0,1,0,0,0,0,0,1,0,0
48.0,176,16.0,185000.0,0,1,0,0,0,0,0,0,1,0
35.0,44,8.0,145000.0,1,0,0,0,0,1,0,0,0,0
30.0,43,4.0,90000.0,1,0,0,0,0,0,0,1,0,0
50.0,158,18.0,195000.0,0,1,0,0,0,0,0,0,1,0
29.0,3,4.0,95000.0,0,1,0,0,0,1,0,0,0,0
41.0,176,13.0,170000.0,0,1,0,0,0,0,0,1,0,0
33.0,44,6.0,115000.0,1,0,0,0,0,1,0,0,0,0
45.0,158,16.0,185000.0,0,1,0,0,0,0,0,0,1,0
28.0,43,2.0,65000.0,1,0,0,0,0,1,0,0,0,0
39.0,176,12.0,160000.0,1,0,0,0,0,0,0,1,0,0
30.0,3,5.0,100000.0,0,1,0,0,0,1,0,0,0,0
46.0,158,15.0,180000.0,0,1,0,0,0,0,0,0,1,0
42.0,176,14.0,190000.0,0,1,0,0,0,0,0,0,1,0
31.0,44,6.0,115000.0,0,1,0,0,0,1,0,0,0,0
49.0,158,17.0,195000.0,1,0,0,0,0,0,0,0,1,0
36.0,3,9.0,150000.0,0,1,0,0,0,0,0,1,0,0
45.0,176,16.0,185000.0,0,1,0,0,0,0,0,0,1,0
25.0,43,1.0,550.0,1,0,0,0,0,1,0,0,0,0
29.0,43,4.0,90000.0,0,1,0,0,0,1,0,0,0,0
40.0,176,12.0,160000.0,1,0,0,0,0,0,0,1,0,0
33.0,44,6.0,115000.0,1,0,0,0,0,0,0,1,0,0
37.0,176,10.0,150000.0,0,1,0,0,0,1,0,0,0,0
28.0,43,2.0,65000.0,0,1,0,0,0,1,0,0,0,0
44.0,158,14.0,190000.0,1,0,0,0,0,0,0,0,1,0
35.0,3,8.0,140000.0,0,1,0,0,0,0,0,1,0,0
47.0,176,16.0,185000.0,0,1,0,0,0,0,0,0,1,0
34.0,44,7.0,130000.0,1,0,0,0,0,1,0,0,0,0
31.0,43,5.0,105000.0,1,0,0,0,0,0,0,1,0,0
42.0,176,13.0,170000.0,0,1,0,0,0,0,0,1,0,0
29.0,43,4.0,90000.0,1,0,0,0,0,1,0,0,0,0
27.0,3,3.0,80000.0,0,1,0,0,0,1,0,0,0,0
49.0,158,17.0,195000.0,0,1,0,0,0,0,0,0,1,0
32.0,44,6.0,115000.0,1,0,0,0,0,0,0,1,0,0
36.0,176,8.0,135000.0,0,1,0,0,0,1,0,0,0,0
27.0,43,2.0,65000.0,0,1,0,0,0,1,0,0,0,0
34.0,3,8.0,140000.0,0,1,0,0,0,0,0,1,0,0
46.0,176,16.0,185000.0,0,1,0,0,0,0,0,0,1,0
33.0,44,7.0,130000.0,1,0,0,0,0,1,0,0,0,0
30.0,43,5.0,105000.0,1,0,0,0,0,0,0,1,0,0
50.0,158,19.0,200000.0,0,1,0,0,0,0,0,0,1,0
31.0,43,6.0,110000.0,1,0,0,0,0,1,0,0,0,0
37.0,176,10.0,150000.0,0,1,0,0,0,0,0,1,0,0
31.0,176,8.0,130000.0,0,1,0,0,0,0,0,1,0,0
43.0,158,15.0,180000.0,0,1,0,0,0,0,0,0,1,0
35.0,44,8.0,140000.0,1,0,0,0,0,0,0,1,0,0
42.0,176,12.0,160000.0,0,1,0,0,0,1,0,0,0,0
28.0,43,2.0,55000.0,1,0,0,0,0,1,0,0,0,0
44.0,158,16.0,190000.0,1,0,0,0,0,0,0,0,1,0
32.0,3,7.0,120000.0,0,1,0,0,0,0,0,1,0,0
48.0,176,18.0,200000.0,0,1,0,0,0,0,0,0,1,0
30.0,44,5.0,100000.0,1,0,0,0,0,1,0,0,0,0
34.0,43,9.0,150000.0,0,1,0,0,0,0,0,1,0,0
37.0,176,11.0,170000.0,1,0,0,0,0,1,0,0,0,0
49.0,158,19.0,210000.0,1,0,0,0,0,0,0,0,1,0
29.0,44,4.0,90000.0,0,1,0,0,0,1,0,0,0,0
41.0,176,14.0,180000.0,0,1,0,0,0,0,0,1,0,0
46.0,158,16.0,185000.0,1,0,0,0,0,0,0,0,1,0
30.0,43,5.0,105000.0,0,1,0,0,0,0,0,1,0,0
50.0,176,20.0,210000.0,0,1,0,0,0,0,0,0,1,0
31.0,3,6.0,95000.0,0,1,0,0,0,1,0,0,0,0
39.0,176,11.0,170000.0,1,0,0,0,0,0,0,1,0,0
48.0,176,19.0,200000.0,0,1,0,0,0,0,0,0,1,0
28.0,175,4.0,75000.0,0,1,0,0,0,1,0,0,0,0
33.0,18,7.0,95000.0,1,0,0,0,0,0,0,1,0,0
22.0,42,1.0,50000.0,0,1,0,0,0,1,0,0,0,0
44.0,129,15.0,180000.0,0,1,0,0,0,0,0,0,1,0
29.0,174,3.0,65000.0,1,0,0,0,0,1,0,0,0,0
31.0,106,6.0,120000.0,0,1,0,0,0,0,0,1,0,0
25.0,175,2.0,60000.0,1,0,0,0,0,0,0,1,0,0
38.0,20,10.0,150000.0,0,1,0,0,0,1,0,0,0,0
27.0,175,3.0,70000.0,0,1,0,0,0,1,0,0,0,0
46.0,27,20.0,220000.0,1,0,0,0,0,0,0,0,1,0
33.0,18,8.0,100000.0,0,1,0,0,0,0,0,1,0,0
24.0,174,2.0,55000.0,1,0,0,0,0,1,0,0,0,0
36.0,129,12.0,170000.0,0,1,0,0,0,0,0,0,1,0
30.0,175,5.0,90000.0,1,0,0,0,0,1,0,0,0,0
29.0,42,4.0,80000.0,0,1,0,0,0,1,0,0,0,0
42.0,106,14.0,180000.0,0,1,0,0,0,0,0,1,0,0
26.0,174,2.0,60000.0,0,1,0,0,0,1,0,0,0,0
35.0,18,9.0,120000.0,1,0,0,0,0,0,0,1,0,0
27.0,175,3.0,70000.0,1,0,0,0,0,1,0,0,0,0
48.0,27,18.0,210000.0,0,1,0,0,0,0,0,0,1,0
34.0,20,9.0,140000.0,0,1,0,0,0,0,0,1,0,0
23.0,175,1.0,50000.0,1,0,0,0,0,1,0,0,0,0
32.0,106,7.0,110000.0,0,1,0,0,0,0,0,1,0,0
37.0,18,11.0,160000.0,0,1,0,0,0,1,0,0,0,0
41.0,27,16.0,200000.0,1,0,0,0,0,0,0,0,1,0
34.0,18,8.0,100000.0,0,1,0,0,0,0,0,1,0,0
34.0,44,8.0,122485.0,1,0,0,0,0,1,0,0,0,0
25.0,176,12.0,169159.0,0,1,0,0,0,0,0,0,1,0
43.0,168,21.0,187081.0,0,1,0,0,0,0,0,1,0,0
53.0,158,31.0,166109.0,0,0,1,1,0,0,0,0,0,0
27.0,43,5.0,78354.0,1,0,0,0,0,0,0,1,0,0
25.0,3,2.0,90249.0,0,1,0,0,0,1,0,0,0,0
29.0,168,6.0,132720.0,1,0,0,0,0,0,0,1,0,0
52.0,176,23.0,161568.0,0,1,0,0,0,0,0,0,1,0
41.0,43,13.0,127346.0,0,1,0,0,0,0,0,1,0,0
49.0,3,19.0,120177.0,1,0,0,0,0,1,0,0,0,0
25.0,44,2.0,69032.0,0,0,1,1,0,0,0,0,0,0
35.0,158,8.0,101332.0,0,1,0,0,0,0,0,1,0,0
57.0,44,30.0,121450.0,1,0,0,0,0,0,0,0,1,0
35.0,158,12.0,166375.0,1,0,0,0,0,1,0,0,0,0
43.0,168,21.0,185119.0,0,1,0,0,0,0,0,1,0,0
37.0,44,10.0,149217.0,1,0,0,0,0,1,0,0,0,0
50.0,176,21.0,166512.0,0,1,0,0,0,0,0,1,0,0
52.0,168,28.0,186963.0,1,0,0,0,0,0,0,1,0,0
26.0,3,3.0,75072.0,0,1,0,0,0,1,0,0,0,0
34.0,44,10.0,163398.0,1,0,0,0,0,0,0,1,0,0
30.0,158,11.0,103947.0,0,1,0,1,0,0,0,0,0,0
60.0,176,33.0,179180.0,1,0,0,0,0,0,0,0,1,0
50.0,3,23.0,175966.0,0,1,0,0,0,1,0,0,0,0
58.0,168,27.0,190004.0,0,1,0,0,0,0,0,1,0,0
35.0,44,10.0,152039.0,1,0,0,0,0,0,0,1,0,0
28.0,43,5.0,76742.0,0,1,0,0,0,0,0,1,0,0
57.0,176,33.0,191790.0,1,0,0,0,0,0,0,0,1,0
46.0,168,20.0,139398.0,1,0,0,0,0,1,0,0,0,0
28.0,3,7.0,95845.0,0,1,0,1,0,0,0,0,0,0
34.0,44,12.0,160976.0,0,1,0,0,0,0,0,1,0,0
33.0,158,9.0,126753.0,1,0,0,0,0,0,0,1,0,0
37.0,44,14.0,161393.0,0,0,1,0,0,0,0,1,0,0
33.0,168,8.0,139817.0,0,1,0,0,0,0,0,1,0,0
53.0,176,25.0,181714.0,0,1,0,0,0,0,0,0,1,0
35.0,3,10.0,114776.0,1,0,0,0,0,1,0,0,0,0
30.0,44,6.0,105725.0,0,1,0,0,0,0,0,1,0,0
24.0,158,1.0,52731.0,1,0,0,1,0,0,0,0,0,0
36.0,43,8.0,106492.0,0,1,0,0,0,0,0,1,0,0
27.0,44,4.0,73895.0,1,0,0,0,0,1,0,0,0,0
23.0,176,1.0,119836.0,0,1,0,0,0,0,0,0,1,0
28.0,168,5.0,99747.0,1,0,0,0,0,0,0,1,0,0
52.0,3,25.0,168287.0,0,1,0,0,0,1,0,0,0,0
28.0,44,7.0,115920.0,1,0,0,0,0,0,0,1,0,0
32.0,158,11.0,128078.0,0,1,0,0,0,0,0,1,0,0
24.0,43,1.0,51265.0,1,0,0,0,0,1,0,0,0,0
43.0,168,22.0,165919.0,0,1,0,1,0,0,0,0,0,0
60.0,176,34.0,188651.0,1,0,0,0,0,0,0,0,1,0
24.0,3,0.0,55538.0,0,1,0,0,0,0,0,1,0,0
55.0,158,28.0,193964.0,0,1,0,0,0,1,0,0,0,0
29.0,44,4.0,104702.0,1,0,0,0,0,0,0,1,0,0
44.0,176,19.0,172955.0,0,1,0,0,0,0,0,0,1,0
40.0,168,16.0,138032.0,1,0,0,0,0,0,0,1,0,0
27.0,3,4.0,82683.0,0,1,0,0,0,1,0,0,0,0
43.0,44,17.0,155414.0,0,1,0,0,0,0,0,1,0,0
49.0,158,25.0,154207.0,1,0,0,1,0,0,0,0,0,0
30.0,43,8.0,107895.0,0,1,0,0,0,0,0,1,0,0
42.0,168,18.0,148446.0,1,0,0,0,0,1,0,0,0,0
26.0,44,4.0,102859.0,0,1,0,0,0,0,0,1,0,0
41.0,176,13.0,138662.0,1,0,0,0,0,0,0,0,1,0
46.0,158,23.0,181699.0,0,1,0,0,0,1,0,0,0,0
57.0,44,33.0,188232.0,1,0,0,0,0,0,0,1,0,0
22.0,3,0.0,51832.0,1,0,0,1,0,0,0,0,0,0
54.0,176,28.0,188484.0,0,1,0,0,0,0,0,0,1,0
42.0,168,16.0,138286.0,1,0,0,0,0,0,0,1,0,0
49.0,44,22.0,181132.0,0,1,0,0,0,1,0,0,0,0
27.0,3,4.0,73938.0,1,0,0,0,0,0,0,1,0,0
36.0,158,14.0,119224.0,0,1,0,0,0,1,0,0,0,0
31.0,44,6.0,101186.0,1,0,0,0,0,0,0,1,0,0
39.0,176,14.0,142360.0,0,1,0,0,0,0,0,1,0,0
41.0,158,20.0,151315.0,1,0,0,0,0,1,0,0,0,0
48.0,44,23.0,181021.0,0,1,0,0,0,0,0,0,1,0
39.0,168,15.0,134641.0,1,0,0,0,0,0,0,1,0,0
48.0,43,23.0,173851.0,0,1,0,0,0,1,0,0,0,0
31.0,3,8.0,104127.0,0,0,1,1,0,0,0,0,0,0
47.0,158,25.0,178859.0,0,1,0,0,0,0,0,1,0,0
29.0,44,5.0,98568.0,1,0,0,0,0,0,0,0,1,0
32.0,176,9.0,104661.0,0,1,0,0,0,1,0,0,0,0
38.0,168,13.0,134858.0,1,0,0,0,0,0,0,1,0,0
34.0,3,10.0,94502.0,0,1,0,0,0,1,0,0,0,0
23.0,43,2.0,62852.0,0,0,1,1,0,0,0,0,0,0
36.0,43,14.0,139095.0,0,1,0,0,0,1,0,0,0,0
30.0,158,5.0,106278.0,1,0,0,0,0,0,0,1,0,0
28.0,44,4.0,90452.0,0,1,0,0,0,0,0,1,0,0
46.0,176,23.0,168304.0,1,0,0,0,0,0,0,0,1,0
34.0,3,10.0,126593.0,0,1,0,0,0,1,0,0,0,0
44.0,168,19.0,152203.0,0,1,0,0,0,0,0,1,0,0
55.0,176,30.0,183138.0,1,0,0,0,0,0,0,0,1,0
35.0,44,9.0,130275.0,0,1,0,0,0,0,0,1,0,0
54.0,158,29.0,191915.0,0,1,0,0,0,1,0,0,0,0
23.0,3,2.0,62807.0,1,0,0,1,0,0,0,0,0,0
46.0,168,21.0,174305.0,0,1,0,0,0,0,0,1,0,0
33.0,44,9.0,133326.0,1,0,0,0,0,1,0,0,0,0
26.0,43,4.0,75656.0,0,1,0,0,0,0,0,1,0,0
43.0,176,19.0,155944.0,1,0,0,0,0,0,0,0,1,0
36.0,44,11.0,137775.0,0,1,0,0,0,0,0,1,0,0
23.0,158,0.0,51831.0,1,0,0,0,0,1,0,0,0,0
49.0,176,22.0,182237.0,0,1,0,0,0,0,0,1,0,0
35.0,44,10.0,151901.0,1,0,0,0,0,0,0,1,0,0
31.0,3,8.0,100052.0,0,1,0,0,0,1,0,0,0,0
54.0,168,29.0,158254.0,0,0,1,1,0,0,0,0,0,0
43.0,44,20.0,167207.0,0,1,0,0,0,0,0,1,0,0
33.0,158,10.0,112439.0,1,0,0,0,0,0,0,1,0,0
52.0,176,29.0,194214.0,1,0,0,0,0,0,0,0,1,0
28.0,44,5.0,84407.0,0,1,0,0,0,1,0,0,0,0
36.0,168,13.0,139413.0,1,0,0,0,0,0,0,1,0,0
43.0,158,20.0,143084.0,0,1,0,0,0,1,0,0,0,0
50.0,44,25.0,192344.0,1,0,0,0,0,0,0,1,0,0
24.0,176,1.0,106132.0,0,1,0,0,0,0,0,0,1,0
52.0,168,26.0,184816.0,0,1,0,0,0,0,0,1,0,0
46.0,3,19.0,150248.0,1,0,0,0,0,1,0,0,0,0
38.0,44,15.0,170995.0,0,1,0,0,0,0,0,1,0,0
29.0,158,6.0,88035.0,0,1,0,0,0,1,0,0,0,0
33.0,43,10.0,119419.0,1,0,0,0,0,0,0,1,0,0
47.0,176,21.0,173582.0,0,1,0,0,0,0,0,0,1,0
45.0,168,23.0,174436.0,1,0,0,0,0,0,0,1,0,0
28.0,3,4.0,71699.0,0,1,0,0,0,1,0,0,0,0
42.0,44,14.0,163558.0,1,0,0,0,0,0,0,1,0,0
46.0,158,24.0,166828.0,0,1,0,0,0,1,0,0,0,0
38.0,176,15.0,144496.0,1,0,0,0,0,0,0,0,1,0
54.0,168,31.0,193746.0,0,1,0,0,0,0,0,1,0,0
33.0,44,8.0,122581.0,1,0,0,0,0,0,0,1,0,0
27.0,3,4.0,79767.0,0,1,0,1,0,0,0,0,0,0
50.0,158,25.0,177177.0,1,0,0,0,0,1,0,0,0,0
26.0,44,4.0,89843.0,0,1,0,0,0,0,0,1,0,0
31.0,168,6.0,113563.0,1,0,0,0,0,0,0,1,0,0
35.0,43,10.0,128712.0,0,1,0,0,0,1,0,0,0,0
44.0,176,18.0,161621.0,1,0,0,0,0,0,0,0,1,0
32.0,158,8.0,121454.0,0,1,0,0,0,0,0,1,0,0
54.0,44,25.0,179987.0,0,1,0,0,0,1,0,0,0,0
26.0,43,3.0,72649.0,1,0,0,0,0,0,0,1,0,0
23.0,176,0.0,52612.0,0,1,0,0,0,0,0,0,1,0
48.0,168,24.0,184006.0,1,0,0,0,0,0,0,1,0,0
38.0,3,12.0,131960.0,0,1,0,0,0,1,0,0,0,0
30.0,44,5.0,102465.0,1,0,0,0,0,0,0,1,0,0
40.0,176,16.0,149748.0,0,1,0,0,0,0,0,1,0,0
45.0,158,22.0,171036.0,1,0,0,0,0,1,0,0,0,0
36.0,44,13.0,146351.0,0,1,0,0,0,0,0,1,0,0
52.0,176,26.0,185462.0,0,1,0,0,0,0,0,0,1,0
31.0,168,7.0,107718.0,1,0,0,0,0,1,0,0,0,0
26.0,44,4.0,90944.0,0,1,0,0,0,0,0,1,0,0
30.0,158,5.0,100425.0,1,0,0,0,0,0,0,1,0,0
24.0,3,2.0,63901.0,0,1,0,0,0,1,0,0,0,0
45.0,168,22.0,181902.0,0,1,0,0,0,0,0,1,0,0
33.0,44,9.0,136533.0,1,0,0,0,0,0,0,1,0,0
38.0,43,11.0,136285.0,0,1,0,0,0,1,0,0,0,0
54.0,176,31.0,191818.0,1,0,0,0,0,0,0,0,1,0
42.0,44,19.0,176643.0,0,1,0,0,0,0,0,1,0,0
28.0,158,4.0,70022.0,1,0,0,0,0,1,0,0,0,0
30.0,43,6.0,99363.0,0,1,0,0,0,0,0,1,0,0
43.0,168,19.0,152944.0,1,0,0,0,0,0,0,1,0,0
35.0,3,10.0,123386.0,0,1,0,0,0,1,0,0,0,0
44.0,44,21.0,168906.0,0,1,0,0,0,0,0,1,0,0
55.0,158,30.0,183020.0,1,0,0,0,0,1,0,0,0,0
23.0,43,1.0,47898.0,0,1,0,1,0,0,0,0,0,0
39.0,168,14.0,135853.0,1,0,0,0,0,0,0,1,0,0
43.0,44,17.0,149198.0,0,1,0,0,0,1,0,0,0,0
29.0,176,6.0,106662.0,0,1,0,0,0,0,0,0,1,0
51.0,168,28.0,186610.0,0,1,0,0,0,0,0,1,0,0
30.0,158,6.0,89995.0,1,0,0,0,0,1,0,0,0,0
26.0,44,4.0,85825.0,0,1,0,0,0,0,0,1,0,0
39.0,176,13.0,143814.0,1,0,0,0,0,0,0,0,1,0
49.0,43,24.0,174726.0,0,1,0,0,0,0,0,1,0,0
42.0,168,20.0,150534.0,1,0,0,0,0,1,0,0,0,0
27.0,3,4.0,68732.0,0,1,0,0,0,1,0,0,0,0
43.0,44,21.0,187951.0,0,1,0,0,0,0,0,1,0,0
37.0,158,13.0,137336.0,1,0,0,0,0,1,0,0,0,0
51.0,176,26.0,191159.0,0,1,0,0,0,0,0,0,1,0
29.0,44,5.0,102868.0,1,0,0,0,0,0,0,1,0,0
43.0,168,20.0,154281.0,0,1,0,0,0,1,0,0,0,0
31.0,3,8.0,111535.0,0,1,0,0,0,0,0,1,0,0
30.0,158,6.0,107906.0,1,0,0,0,0,0,0,1,0,0
36.0,44,13.0,143885.0,0,1,0,0,0,1,0,0,0,0
52.0,176,27.0,180958.0,1,0,0,0,0,0,0,0,1,0
28.0,168,6.0,108607.0,0,1,0,0,0,0,0,1,0,0
49.0,3,24.0,178284.0,0,1,0,0,0,1,0,0,0,0
27.0,43,4.0,75969.0,1,0,0,0,0,0,0,1,0,0
41.0,158,15.0,143705.0,0,1,0,0,0,0,0,1,0,0
56.0,176,31.0,197354.0,1,0,0,0,0,0,0,0,1,0
46.0,168,22.0,174324.0,0,1,0,0,0,1,0,0,0,0
32.0,44,8.0,123781.0,1,0,0,0,0,0,0,1,0,0
38.0,176,12.0,141735.0,0,1,0,0,0,0,0,0,1,0
52.0,158,28.0,187120.0,0,1,0,0,0,0,0,1,0,0
24.0,3,1.0,61095.0,1,0,0,0,0,1,0,0,0,0
49.0,44,22.0,179045.0,0,1,0,0,0,0,0,1,0,0
35.0,168,10.0,130355.0,1,0,0,0,0,0,0,1,0,0
31.0,43,7.0,103282.0,0,1,0,0,0,1,0,0,0,0
44.0,176,18.0,157872.0,1,0,0,0,0,0,0,0,1,0
33.0,158,10.0,117314.0,0,1,0,0,0,0,0,1,0,0
54.0,168,30.0,186321.0,0,1,0,0,0,1,0,0,0,0
33.0,44,11.0,129686.0,1,0,0,0,0,0,0,1,0,0
27.0,3,3.0,68611.0,0,1,0,1,0,0,0,0,0,0
51.0,158,25.0,177913.0,1,0,0,0,0,0,0,1,0,0
26.0,44,3.0,68472.0,0,1,0,0,0,0,0,1,0,0
31.0,168,6.0,113065.0,1,0,0,0,0,0,0,1,0,0
35.0,43,9.0,125091.0,0,1,0,0,0,1,0,0,0,0
45.0,176,23.0,172925.0,1,0,0,0,0,0,0,0,1,0
32.0,158,9.0,126916.0,0,1,0,0,0,0,0,1,0,0
54.0,44,27.0,183417.0,0,1,0,0,0,1,0,0,0,0
26.0,43,4.0,76898.0,1,0,0,0,0,0,0,1,0,0
23.0,176,1.0,579.0,0,1,0,0,0,0,0,0,1,0
26.0,175,2.0,65000.0,1,0,0,0,0,1,0,0,0,0
33.0,18,8.0,120000.0,0,1,0,0,0,0,0,1,0,0
29.0,106,4.0,90000.0,1,0,0,0,0,1,0,0,0,0
41.0,20,15.0,190000.0,0,1,0,0,0,0,0,0,1,0
35.0,175,9.0,140000.0,1,0,0,0,0,0,0,1,0,0
28.0,174,3.0,75000.0,0,1,0,0,0,1,0,0,0,0
37.0,20,11.0,160000.0,1,0,0,0,0,0,0,1,0,0
33.0,106,8.0,130000.0,0,1,0,0,0,1,0,0,0,0
24.0,175,2.0,60000.0,1,0,0,0,0,0,0,1,0,0
46.0,27,20.0,220000.0,0,1,0,0,0,0,0,0,1,0
29.0,174,5.0,80000.0,1,0,0,0,0,1,0,0,0,0
31.0,20,7.0,130000.0,0,1,0,0,0,0,0,1,0,0
27.0,175,3.0,65000.0,1,0,0,0,0,1,0,0,0,0
38.0,129,13.0,170000.0,0,1,0,0,0,0,0,0,1,0
30.0,106,6.0,110000.0,1,0,0,0,0,0,0,1,0,0
25.0,42,2.0,50000.0,0,1,0,0,0,1,0,0,0,0
44.0,27,18.0,210000.0,0,1,0,0,0,0,0,0,1,0
33.0,18,8.0,100000.0,1,0,0,0,0,0,0,1,0,0
22.0,175,1.0,50000.0,0,1,0,0,0,1,0,0,0,0
36.0,106,10.0,160000.0,0,1,0,0,0,0,0,1,0,0
28.0,175,4.0,70000.0,1,0,0,0,0,1,0,0,0,0
41.0,129,16.0,190000.0,0,1,0,0,0,0,0,0,1,0
34.0,20,9.0,140000.0,1,0,0,0,0,0,0,1,0,0
23.0,174,1.0,45000.0,0,1,0,0,0,1,0,0,0,0
32.0,106,7.0,120000.0,1,0,0,0,0,0,0,1,0,0
25.0,175,2.0,60000.0,0,1,0,0,0,0,0,1,0,0
37.0,18,11.0,150000.0,1,0,0,0,0,1,0,0,0,0
28.0,175,4.0,70000.0,0,1,0,0,0,1,0,0,0,0
29.0,44,6.0,103579.0,1,0,0,0,0,1,0,0,0,0
45.0,176,19.0,163780.0,0,1,0,0,0,0,0,1,0,0
36.0,43,12.0,137878.0,0,1,0,0,0,1,0,0,0,0
30.0,158,4.0,92438.0,1,0,0,0,0,0,0,1,0,0
28.0,44,5.0,84181.0,0,1,0,0,0,0,0,1,0,0
46.0,176,21.0,174821.0,1,0,0,0,0,0,0,0,1,0
34.0,3,10.0,126520.0,0,1,0,0,0,1,0,0,0,0
44.0,168,18.0,152168.0,0,1,0,0,0,0,0,1,0,0
55.0,176,29.0,190543.0,1,0,0,0,0,0,0,0,1,0
35.0,44,9.0,131547.0,0,1,0,0,0,0,0,1,0,0
54.0,158,28.0,192292.0,0,1,0,0,0,1,0,0,0,0
23.0,3,1.0,52807.0,1,0,0,1,0,0,0,0,0,0
46.0,168,20.0,174938.0,0,1,0,0,0,0,0,1,0,0
33.0,44,8.0,124071.0,1,0,0,0,0,1,0,0,0,0
26.0,43,3.0,73640.0,0,1,0,0,0,0,0,1,0,0
43.0,176,19.0,156486.0,1,0,0,0,0,0,0,0,1,0
36.0,44,11.0,138859.0,0,1,0,0,0,0,0,1,0,0
23.0,158,0.0,52831.0,1,0,0,0,0,1,0,0,0,0
49.0,176,23.0,182392.0,0,1,0,0,0,0,0,1,0,0
35.0,44,11.0,151078.0,1,0,0,0,0,0,0,1,0,0
31.0,3,8.0,100679.0,0,1,0,0,0,1,0,0,0,0
54.0,168,29.0,158966.0,0,0,1,1,0,0,0,0,0,0
43.0,44,20.0,167924.0,0,1,0,0,0,0,0,1,0,0
33.0,158,10.0,113334.0,1,0,0,0,0,0,0,1,0,0
52.0,176,29.0,194778.0,1,0,0,0,0,0,0,0,1,0
28.0,44,4.0,77606.0,0,1,0,0,0,1,0,0,0,0
36.0,168,13.0,140010.0,1,0,0,0,0,0,0,1,0,0
43.0,158,20.0,142421.0,0,1,0,0,0,1,0,0,0,0
50.0,44,24.0,192756.0,1,0,0,0,0,0,0,1,0,0
24.0,176,1.0,106686.0,0,1,0,0,0,0,0,0,1,0
52.0,168,27.0,186794.0,0,1,0,0,0,0,0,1,0,0
46.0,3,19.0,150729.0,1,0,0,0,0,1,0,0,0,0
38.0,44,15.0,171652.0,0,1,0,0,0,0,0,1,0,0
29.0,158,6.0,88552.0,0,1,0,0,0,1,0,0,0,0
33.0,43,9.0,119918.0,1,0,0,0,0,0,0,1,0,0
47.0,176,21.0,174985.0,0,1,0,0,0,0,0,0,1,0
45.0,168,23.0,174336.0,1,0,0,0,0,0,0,1,0,0
28.0,3,4.0,72389.0,0,1,0,0,0,1,0,0,0,0
42.0,44,14.0,163978.0,1,0,0,0,0,0,0,1,0,0
46.0,158,25.0,166958.0,0,1,0,0,0,1,0,0,0,0
38.0,176,15.0,145052.0,1,0,0,0,0,0,0,0,1,0
54.0,168,32.0,195270.0,0,1,0,0,0,0,0,1,0,0
33.0,44,8.0,122970.0,1,0,0,0,0,0,0,1,0,0
27.0,3,4.0,80247.0,0,1,0,1,0,0,0,0,0,0
50.0,158,25.0,177862.0,1,0,0,0,0,1,0,0,0,0
26.0,44,4.0,91062.0,0,1,0,0,0,0,0,1,0,0
31.0,168,6.0,114290.0,1,0,0,0,0,0,0,1,0,0
35.0,43,10.0,128999.0,0,1,0,0,0,1,0,0,0,0
44.0,176,18.0,162454.0,1,0,0,0,0,0,0,0,1,0
32.0,158,8.0,122354.0,0,1,0,0,0,0,0,1,0,0
54.0,44,25.0,179756.0,0,1,0,0,0,1,0,0,0,0
26.0,43,3.0,73218.0,1,0,0,0,0,0,0,1,0,0
48.0,168,24.0,184480.0,1,0,0,0,0,0,0,1,0,0
38.0,3,12.0,132442.0,0,1,0,0,0,1,0,0,0,0
30.0,44,5.0,102828.0,1,0,0,0,0,0,0,1,0,0
40.0,176,16.0,150301.0,0,1,0,0,0,0,0,1,0,0
45.0,158,22.0,171468.0,1,0,0,0,0,1,0,0,0,0
36.0,44,13.0,147326.0,0,1,0,0,0,0,0,1,0,0
52.0,176,26.0,185982.0,0,1,0,0,0,0,0,0,1,0
31.0,168,7.0,108267.0,1,0,0,0,0,1,0,0,0,0
26.0,44,4.0,91397.0,0,1,0,0,0,0,0,1,0,0
30.0,158,5.0,100867.0,1,0,0,0,0,0,0,1,0,0
24.0,3,2.0,64182.0,0,1,0,0,0,1,0,0,0,0
45.0,168,22.0,182506.0,0,1,0,0,0,0,0,1,0,0
33.0,44,9.0,136986.0,1,0,0,0,0,0,0,1,0,0
38.0,43,11.0,136662.0,0,1,0,0,0,1,0,0,0,0
54.0,176,32.0,191510.0,1,0,0,0,0,0,0,0,1,0
42.0,44,19.0,177347.0,0,1,0,0,0,0,0,1,0,0
28.0,158,3.0,70397.0,1,0,0,0,0,1,0,0,0,0
34.0,176,9.0,146075.0,0,1,0,0,0,0,0,1,0,0
46.0,3,18.0,155795.0,1,0,0,0,0,1,0,0,0,0
35.0,44,9.0,132638.0,0,1,0,0,0,0,0,1,0,0
49.0,176,22.0,178684.0,1,0,0,0,0,0,0,0,1,0
32.0,168,7.0,106218.0,0,1,0,0,0,1,0,0,0,0
54.0,44,28.0,191239.0,0,1,0,0,0,0,0,1,0,0
26.0,43,2.0,65840.0,1,0,0,0,0,0,0,1,0,0
23.0,176,0.0,52779.0,0,1,0,0,0,0,0,0,1,0
48.0,168,23.0,185038.0,1,0,0,0,0,0,0,1,0,0
38.0,3,14.0,136449.0,0,1,0,0,0,1,0,0,0,0
30.0,44,6.0,110707.0,1,0,0,0,0,0,0,1,0,0
40.0,176,17.0,151670.0,0,1,0,0,0,0,0,1,0,0
45.0,158,21.0,167015.0,1,0,0,0,0,1,0,0,0,0
36.0,44,13.0,146508.0,0,1,0,0,0,0,0,1,0,0
52.0,176,27.0,190596.0,0,1,0,0,0,0,0,0,1,0
31.0,168,6.0,104378.0,1,0,0,0,0,1,0,0,0,0
26.0,44,3.0,70216.0,0,1,0,0,0,0,0,1,0,0
30.0,158,5.0,101733.0,1,0,0,0,0,0,0,1,0,0
24.0,3,1.0,55935.0,0,1,0,0,0,1,0,0,0,0
45.0,168,21.0,180367.0,0,1,0,0,0,0,0,1,0,0
33.0,44,9.0,135596.0,1,0,0,0,0,0,0,1,0,0
38.0,43,11.0,136062.0,0,1,0,0,0,1,0,0,0,0
54.0,176,32.0,191267.0,1,0,0,0,0,0,0,0,1,0
26.0,44,3.0,91397.0,0,1,0,0,0,0,0,1,0,0
28.0,158,4.0,82944.0,1,0,0,0,0,1,0,0,0,0
48.0,176,23.0,188288.0,0,1,0,0,0,0,0,0,1,0
36.0,168,14.0,141090.0,1,0,0,0,0,0,0,1,0,0
43.0,44,19.0,152726.0,0,1,0,0,0,1,0,0,0,0
33.0,3,9.0,124141.0,1,0,0,0,0,0,0,1,0,0
26.0,43,3.0,67556.0,0,1,0,0,0,1,0,0,0,0
50.0,158,22.0,182768.0,1,0,0,0,0,0,0,1,0,0
41.0,176,15.0,148727.0,0,1,0,0,0,0,0,0,1,0
29.0,44,6.0,91903.0,1,0,0,0,0,1,0,0,0,0
38.0,168,14.0,147708.0,0,1,0,0,0,0,0,1,0,0
48.0,158,21.0,163209.0,1,0,0,0,0,1,0,0,0,0
31.0,44,8.0,120288.0,0,1,0,0,0,0,0,1,0,0
45.0,176,21.0,170226.0,0,1,0,0,0,0,0,0,1,0
35.0,168,11.0,134979.0,1,0,0,0,0,0,0,1,0,0
42.0,3,16.0,137489.0,0,1,0,0,0,1,0,0,0,0
27.0,44,4.0,83577.0,1,0,0,0,0,0,0,1,0,0
33.0,43,9.0,117904.0,0,1,0,0,0,1,0,0,0,0
36.0,158,11.0,134482.0,1,0,0,0,0,0,0,1,0,0
54.0,176,30.0,184660.0,0,1,0,0,0,0,0,0,1,0
30.0,168,5.0,100151.0,1,0,0,0,0,1,0,0,0,0
26.0,44,3.0,88678.0,0,1,0,0,0,0,0,1,0,0
45.0,158,21.0,181285.0,1,0,0,0,0,0,0,0,1,0
38.0,176,16.0,154990.0,0,1,0,0,0,0,0,1,0,0
31.0,44,7.0,108204.0,1,0,0,0,0,1,0,0,0,0
42.0,168,19.0,175684.0,0,1,0,0,0,0,0,1,0,0
28.0,3,5.0,77766.0,1,0,0,0,0,1,0,0,0,0
48.0,176,24.0,192211.0,0,1,0,0,0,0,0,0,1,0
36.0,44,13.0,144647.0,1,0,0,0,0,0,0,1,0,0
43.0,158,20.0,162231.0,0,1,0,0,0,1,0,0,0,0
33.0,43,9.0,121120.0,1,0,0,0,0,0,0,1,0,0
26.0,44,4.0,79652.0,0,1,0,0,0,1,0,0,0,0
50.0,168,21.0,177002.0,1,0,0,0,0,0,0,1,0,0
27.0,3,5.0,87584.0,0,1,0,0,0,0,0,1,0,0
38.0,158,13.0,131860.0,1,0,0,0,0,1,0,0,0,0
54.0,176,28.0,182013.0,0,1,0,0,0,0,0,0,1,0
31.0,44,7.0,108799.0,1,0,0,0,0,0,0,1,0,0
36.0,168,13.0,135378.0,0,1,0,0,0,1,0,0,0,0
45.0,176,22.0,183530.0,1,0,0,0,0,0,0,1,0,0
42.0,3,18.0,150901.0,0,1,0,0,0,1,0,0,0,0
28.0,44,4.0,82697.0,1,0,0,0,0,0,0,1,0,0
48.0,168,26.0,194638.0,0,1,0,0,0,0,0,0,1,0
36.0,158,12.0,130356.0,1,0,0,0,0,0,0,1,0,0
43.0,44,18.0,152560.0,0,1,0,0,0,1,0,0,0,0
33.0,43,9.0,121432.0,1,0,0,0,0,0,0,1,0,0
26.0,3,2.0,63789.0,0,1,0,0,0,1,0,0,0,0
50.0,168,23.0,183690.0,1,0,0,0,0,0,0,1,0,0
41.0,176,16.0,151310.0,0,1,0,0,0,0,0,0,1,0
29.0,44,6.0,100358.0,1,0,0,0,0,1,0,0,0,0
38.0,168,15.0,148437.0,0,1,0,0,0,0,0,1,0,0
48.0,158,22.0,168691.0,1,0,0,0,0,1,0,0,0,0
28.0,174,1.0,50000.0,0,1,0,0,0,1,0,0,0,0
32.0,106,5.0,100000.0,1,0,0,0,0,0,0,1,0,0
26.0,175,2.0,60000.0,0,1,0,0,0,1,0,0,0,0
33.0,18,6.0,90000.0,1,0,0,0,0,0,0,1,0,0
29.0,42,3.0,70000.0,0,1,0,0,0,1,0,0,0,0
42.0,27,12.0,170000.0,0,1,0,0,0,0,0,0,1,0
36.0,20,8.0,130000.0,1,0,0,0,0,0,0,1,0,0
27.0,174,1.0,50000.0,0,1,0,0,0,1,0,0,0,0
34.0,106,7.0,120000.0,1,0,0,0,0,0,0,1,0,0
29.0,175,4.0,80000.0,0,1,0,0,0,1,0,0,0,0
41.0,129,16.0,200000.0,1,0,0,0,0,0,0,0,1,0
36.0,27,12.0,170000.0,0,1,0,0,0,0,0,0,1,0
30.0,175,4.0,80000.0,1,0,0,0,0,1,0,0,0,0
28.0,190,5.0,80000.0,0,1,0,0,0,0,0,1,0,0
30.0,69,4.0,60000.0,1,0,0,0,0,1,0,0,0,0
25.0,90,2.0,50000.0,0,1,0,0,0,1,0,0,0,0
45.0,139,18.0,160000.0,1,0,0,0,0,0,0,1,0,0
33.0,30,9.0,120000.0,0,1,0,0,0,0,0,0,1,0
22.0,70,0.0,40000.0,1,0,0,1,0,0,0,0,0,0
36.0,190,10.0,100000.0,0,1,0,0,0,1,0,0,0,0
29.0,135,4.0,75000.0,1,0,0,0,0,0,0,1,0,0
42.0,30,16.0,140000.0,0,1,0,0,0,0,0,0,1,0
27.0,69,2.0,50000.0,1,0,0,0,0,1,0,0,0,0
38.0,139,11.0,110000.0,0,1,0,0,0,0,0,1,0,0
24.0,190,1.0,45000.0,1,0,0,0,0,1,0,0,0,0
31.0,90,4.0,55000.0,0,1,0,1,0,0,0,0,0,0
39.0,30,13.0,130000.0,1,0,0,0,0,0,0,0,1,0
26.0,70,2.0,50000.0,0,1,0,0,0,1,0,0,0,0
32.0,135,7.0,80000.0,1,0,0,0,0,0,0,1,0,0
32.0,90,2.0,45000.0,0,1,0,0,0,1,0,0,0,0
24.0,70,1.0,32000.0,1,0,0,1,0,0,0,0,0,0
45.0,139,12.0,120000.0,0,1,0,0,0,0,0,0,1,0
29.0,190,4.0,65000.0,1,0,0,0,0,0,0,1,0,0
38.0,135,8.0,95000.0,0,1,0,0,0,1,0,0,0,0
27.0,30,5.0,80000.0,1,0,0,0,0,0,0,1,0,0
31.0,69,3.0,38000.0,1,0,0,1,0,0,0,0,0,0
42.0,190,10.0,110000.0,0,1,0,0,0,0,0,1,0,0
26.0,90,2.0,45000.0,1,0,0,0,0,1,0,0,0,0
36.0,135,7.0,89000.0,0,1,0,0,0,0,0,1,0,0
28.0,70,1.0,32000.0,0,1,0,1,0,0,0,0,0,0
33.0,190,5.0,70000.0,1,0,0,0,0,1,0,0,0,0
46.0,30,15.0,150000.0,0,1,0,0,0,0,0,0,1,0
25.0,90,1.0,40000.0,1,0,0,0,0,1,0,0,0,0
37.0,139,9.0,105000.0,1,0,0,0,0,0,0,1,0,0
30.0,190,4.0,65000.0,0,1,0,0,0,0,0,1,0,0
43.0,30,14.0,140000.0,1,0,0,0,0,0,0,0,1,0
34.0,90,3.0,50000.0,0,1,0,0,0,1,0,0,0,0
26.0,70,2.0,35000.0,1,0,0,1,0,0,0,0,0,0
41.0,135,11.0,115000.0,0,1,0,0,0,0,0,1,0,0
29.0,190,5.0,70000.0,1,0,0,0,0,0,0,1,0,0
35.0,190,6.0,80000.0,0,1,0,0,0,1,0,0,0,0
27.0,69,1.0,30000.0,1,0,0,1,0,0,0,0,0,0
40.0,30,13.0,135000.0,0,1,0,0,0,0,0,0,1,0
23.0,90,1.0,40000.0,1,0,0,0,0,1,0,0,0,0
39.0,135,10.0,105000.0,0,1,0,0,0,0,0,1,0,0
31.0,70,2.0,35000.0,0,1,0,1,0,0,0,0,0,0
44.0,139,12.0,120000.0,1,0,0,0,0,0,0,0,1,0
28.0,190,3.0,55000.0,0,1,0,0,0,0,0,1,0,0
32.0,90,2.0,45000.0,1,0,0,0,0,1,0,0,0,0
45.0,30,14.0,140000.0,0,1,0,0,0,0,0,1,0,0
26.0,190,3.0,55000.0,1,0,0,0,0,1,0,0,0,0
38.0,139,11.0,115000.0,0,1,0,0,0,0,0,0,1,0
27.0,135,4.0,70000.0,1,0,0,0,0,0,0,1,0,0
33.0,69,3.0,38000.0,0,1,0,1,0,0,0,0,0,0
42.0,30,13.0,135000.0,1,0,0,0,0,0,0,1,0,0
29.0,90,2.0,45000.0,0,1,0,0,0,1,0,0,0,0
36.0,190,7.0,85000.0,1,0,0,0,0,0,0,1,0,0
30.0,70,1.0,32000.0,0,1,0,1,0,0,0,0,0,0
43.0,139,15.0,150000.0,1,0,0,0,0,0,0,0,1,0
34.0,190,4.0,65000.0,0,1,0,0,0,1,0,0,0,0
25.0,70,1.0,32000.0,1,0,0,0,0,0,0,1,0,0
37.0,30,12.0,120000.0,0,1,0,0,0,0,0,0,1,0
24.0,90,1.0,40000.0,1,0,0,0,0,1,0,0,0,0
39.0,135,9.0,95000.0,0,1,0,0,0,0,0,1,0,0
44.0,30,14.0,140000.0,1,0,0,0,0,0,0,0,1,0
28.0,190,3.0,55000.0,0,1,0,0,0,1,0,0,0,0
32.0,139,6.0,80000.0,1,0,0,0,0,0,0,1,0,0
45.0,30,13.0,135000.0,0,1,0,0,0,0,0,0,1,0
38.0,135,8.0,95000.0,0,1,0,0,0,0,0,1,0,0
27.0,70,1.0,32000.0,1,0,0,1,0,0,0,0,0,0
33.0,190,5.0,70000.0,0,1,0,0,0,1,0,0,0,0
42.0,30,12.0,120000.0,1,0,0,0,0,0,0,1,0,0
29.0,139,4.0,70000.0,0,1,0,0,0,0,0,1,0,0
30.0,69,2.0,33000.0,0,1,0,1,0,0,0,0,0,0
37.0,30,11.0,115000.0,0,1,0,0,0,0,0,0,1,0
24.0,190,1.0,40000.0,1,0,0,0,0,1,0,0,0,0
44.0,30,13.0,135000.0,1,0,0,0,0,0,0,0,1,0
28.0,190,4.0,65000.0,0,1,0,0,0,1,0,0,0,0
45.0,30,14.0,140000.0,0,1,0,0,0,0,0,0,1,0
28.0,175,3.0,60000.0,0,1,0,0,0,1,0,0,0,0
37.0,96,9.0,100000.0,1,0,0,0,0,0,0,1,0,0
43.0,20,15.0,150000.0,0,1,0,0,0,0,0,0,1,0
31.0,49,4.0,55000.0,1,0,0,0,0,1,0,0,0,0
24.0,82,1.0,30000.0,0,1,0,1,0,0,0,0,0,0
29.0,174,5.0,70000.0,1,0,0,0,0,0,0,1,0,0
35.0,102,8.0,90000.0,0,1,0,0,0,1,0,0,0,0
26.0,94,2.0,40000.0,1,0,0,0,0,0,0,1,0,0
42.0,20,12.0,130000.0,0,1,0,0,0,0,0,0,1,0
34.0,51,6.0,75000.0,1,0,0,0,0,1,0,0,0,0
27.0,82,2.0,35000.0,0,1,0,1,0,0,0,0,0,0
38.0,96,10.0,110000.0,1,0,0,0,0,0,0,1,0,0
30.0,175,4.0,65000.0,0,1,0,0,0,1,0,0,0,0
45.0,20,18.0,180000.0,0,1,0,0,0,0,0,0,1,0
25.0,86,1.0,35000.0,1,0,0,0,0,1,0,0,0,0
40.0,51,11.0,120000.0,1,0,0,0,0,0,0,1,0,0
33.0,102,6.0,75000.0,0,1,0,0,0,1,0,0,0,0
29.0,82,1.0,30000.0,1,0,0,1,0,0,0,0,0,0
44.0,20,16.0,160000.0,0,1,0,0,0,0,0,0,1,0
26.0,174,3.0,60000.0,0,1,0,0,0,1,0,0,0,0
36.0,94,8.0,85000.0,1,0,0,0,0,0,0,1,0,0
31.0,102,5.0,70000.0,0,1,0,0,0,1,0,0,0,0
27.0,49,3.0,50000.0,1,0,0,0,0,0,0,1,0,0
42.0,20,13.0,140000.0,0,1,0,0,0,0,0,0,1,0
28.0,82,2.0,35000.0,0,1,0,1,0,0,0,0,0,0
39.0,96,10.0,110000.0,1,0,0,0,0,0,0,1,0,0
31.0,175,4.0,65000.0,0,1,0,0,0,1,0,0,0,0
27.0,175,3.0,60000.0,0,1,0,0,0,1,0,0,0,0
38.0,96,9.0,100000.0,1,0,0,0,0,0,0,1,0,0
44.0,20,15.0,150000.0,0,1,0,0,0,0,0,0,1,0
30.0,49,4.0,55000.0,1,0,0,0,0,1,0,0,0,0
23.0,82,1.0,30000.0,0,1,0,1,0,0,0,0,0,0
28.0,174,5.0,70000.0,1,0,0,0,0,0,0,1,0,0
34.0,102,8.0,90000.0,0,1,0,0,0,1,0,0,0,0
25.0,94,2.0,40000.0,1,0,0,0,0,0,0,1,0,0
41.0,20,12.0,130000.0,0,1,0,0,0,0,0,0,1,0
33.0,51,6.0,75000.0,1,0,0,0,0,1,0,0,0,0
26.0,82,2.0,35000.0,0,1,0,1,0,0,0,0,0,0
37.0,96,10.0,110000.0,1,0,0,0,0,0,0,1,0,0
29.0,175,4.0,65000.0,0,1,0,0,0,1,0,0,0,0
46.0,20,18.0,180000.0,0,1,0,0,0,0,0,0,1,0
26.0,86,1.0,35000.0,1,0,0,0,0,1,0,0,0,0
39.0,51,11.0,120000.0,1,0,0,0,0,0,0,1,0,0
32.0,102,6.0,75000.0,0,1,0,0,0,1,0,0,0,0
28.0,82,1.0,30000.0,1,0,0,1,0,0,0,0,0,0
43.0,20,16.0,160000.0,0,1,0,0,0,0,0,0,1,0
27.0,174,3.0,60000.0,0,1,0,0,0,1,0,0,0,0
35.0,94,8.0,85000.0,1,0,0,0,0,0,0,1,0,0
30.0,102,5.0,70000.0,0,1,0,0,0,1,0,0,0,0
26.0,49,3.0,50000.0,1,0,0,0,0,0,0,1,0,0
41.0,20,13.0,140000.0,0,1,0,0,0,0,0,0,1,0
24.0,175,2.0,55000.0,0,1,0,0,0,1,0,0,0,0
32.0,96,7.0,90000.0,1,0,0,0,0,0,0,1,0,0
45.0,20,16.0,160000.0,0,1,0,0,0,0,0,0,1,0
28.0,49,4.0,60000.0,1,0,0,0,0,1,0,0,0,0
22.0,82,1.0,25000.0,0,1,0,1,0,0,0,0,0,0
36.0,102,8.0,100000.0,0,1,0,0,0,1,0,0,0,0
27.0,94,3.0,45000.0,1,0,0,0,0,1,0,0,0,0
42.0,20,14.0,140000.0,0,1,0,0,0,0,0,0,1,0
25.0,82,2.0,30000.0,0,1,0,1,0,0,0,0,0,0
39.0,96,11.0,120000.0,1,0,0,0,0,0,0,1,0,0
47.0,20,19.0,190000.0,0,1,0,0,0,0,0,0,1,0
40.0,51,12.0,130000.0,1,0,0,0,0,0,0,1,0,0
33.0,102,7.0,85000.0,0,1,0,0,0,1,0,0,0,0
29.0,82,1.0,25000.0,1,0,0,1,0,0,0,0,0,0
28.0,174,3.0,60000.0,0,1,0,0,0,1,0,0,0,0
36.0,94,9.0,100000.0,1,0,0,0,0,0,0,1,0,0
31.0,102,6.0,75000.0,0,1,0,0,0,1,0,0,0,0
26.0,82,2.0,30000.0,0,1,0,1,0,0,0,0,0,0
31.0,175,5.0,80000.0,0,1,0,0,0,1,0,0,0,0
27.0,96,3.0,60000.0,1,0,0,0,0,0,0,1,0,0
38.0,20,12.0,130000.0,0,1,0,0,0,0,0,0,1,0
29.0,49,2.0,45000.0,1,0,0,0,0,1,0,0,0,0
23.0,82,1.0,25000.0,0,1,0,1,0,0,0,0,0,0
32.0,174,7.0,90000.0,1,0,0,0,0,0,0,1,0,0
44.0,102,18.0,170000.0,0,1,0,0,0,1,0,0,0,0
26.0,94,2.0,40000.0,1,0,0,0,0,1,0,0,0,0
40.0,20,15.0,150000.0,0,1,0,0,0,0,0,0,1,0
33.0,51,8.0,95000.0,1,0,0,0,0,1,0,0,0,0
24.0,82,1.0,25000.0,0,1,0,1,0,0,0,0,0,0
35.0,96,10.0,110000.0,1,0,0,0,0,0,0,1,0,0
29.0,175,4.0,70000.0,0,1,0,0,0,1,0,0,0,0
49.0,20,22.0,220000.0,0,1,0,0,0,0,0,0,1,0
26.0,86,2.0,35000.0,1,0,0,0,0,1,0,0,0,0
41.0,51,13.0,140000.0,1,0,0,0,0,0,0,1,0,0
36.0,102,9.0,110000.0,0,1,0,0,0,1,0,0,0,0
28.0,82,1.0,25000.0,1,0,0,1,0,0,0,0,0,0
29.0,174,5.0,80000.0,0,1,0,0,0,1,0,0,0,0
39.0,94,11.0,120000.0,1,0,0,0,0,0,0,1,0,0
32.0,102,6.0,90000.0,0,1,0,0,0,1,0,0,0,0
28.0,49,2.0,45000.0,1,0,0,0,0,0,0,1,0,0
34.0,175,6.0,85000.0,0,1,0,0,0,1,0,0,0,0
31.0,96,4.0,62000.0,1,0,0,0,0,0,0,1,0,0
41.0,20,13.0,138000.0,0,1,0,0,0,0,0,0,1,0
27.0,49,2.0,47000.0,1,0,0,0,0,1,0,0,0,0
25.0,82,1.0,26000.0,0,1,0,1,0,0,0,0,0,0
33.0,174,8.0,95000.0,1,0,0,0,0,0,0,1,0,0
45.0,102,19.0,174000.0,0,1,0,0,0,1,0,0,0,0
28.0,94,2.0,41000.0,1,0,0,0,0,1,0,0,0,0
42.0,20,16.0,162000.0,0,1,0,0,0,0,0,0,1,0
34.0,51,9.0,99000.0,1,0,0,0,0,1,0,0,0,0
23.0,82,1.0,26000.0,0,1,0,1,0,0,0,0,0,0
36.0,96,11.0,117000.0,1,0,0,0,0,0,0,1,0,0
30.0,175,5.0,75000.0,0,1,0,0,0,1,0,0,0,0
50.0,20,23.0,225000.0,0,1,0,0,0,0,0,0,1,0
27.0,86,2.0,36000.0,1,0,0,0,0,1,0,0,0,0
43.0,51,14.0,146000.0,1,0,0,0,0,0,0,1,0,0
37.0,102,10.0,113000.0,0,1,0,0,0,1,0,0,0,0
29.0,82,1.0,26000.0,1,0,0,1,0,0,0,0,0,0
44.0,20,17.0,168000.0,0,1,0,0,0,0,0,0,1,0
30.0,174,6.0,85000.0,0,1,0,0,0,1,0,0,0,0
40.0,94,12.0,122000.0,1,0,0,0,0,0,0,1,0,0
33.0,102,7.0,96000.0,0,1,0,0,0,1,0,0,0,0
29.0,49,3.0,49000.0,1,0,0,0,0,0,0,1,0,0
43.0,20,16.0,162000.0,0,1,0,0,0,0,0,0,1,0
32.0,174,8.0,95000.0,1,0,0,0,0,0,0,1,0,0
24.0,82,1.0,26000.0,0,1,0,1,0,0,0,0,0,0
31.0,96,5.0,68000.0,1,0,0,0,0,0,0,1,0,0
39.0,102,13.0,127000.0,0,1,0,0,0,1,0,0,0,0
25.0,49,2.0,47000.0,1,0,0,0,0,1,0,0,0,0
41.0,20,15.0,155000.0,0,1,0,0,0,0,0,0,1,0
35.0,51,8.0,92000.0,1,0,0,0,0,1,0,0,0,0
26.0,82,1.0,26000.0,0,1,0,1,0,0,0,0,0,0
37.0,96,12.0,125000.0,1,0,0,0,0,0,0,1,0,0
29.0,175,4.0,71000.0,0,1,0,0,0,1,0,0,0,0
51.0,20,24.0,240000.0,0,1,0,0,0,0,0,0,1,0
28.0,86,2.0,36000.0,1,0,0,0,0,1,0,0,0,0
44.0,51,15.0,152000.0,1,0,0,0,0,0,0,1,0,0
38.0,102,11.0,119000.0,0,1,0,0,0,1,0,0,0,0
30.0,82,1.0,26000.0,1,0,0,1,0,0,0,0,0,0
45.0,20,19.0,190000.0,0,1,0,0,0,0,0,0,1,0
31.0,174,6.0,85000.0,0,1,0,0,0,1,0,0,0,0
41.0,94,13.0,131000.0,1,0,0,0,0,0,0,1,0,0
34.0,102,8.0,101000.0,0,1,0,0,0,1,0,0,0,0
30.0,49,3.0,49000.0,1,0,0,0,0,0,0,1,0,0
44.0,20,18.0,182000.0,0,1,0,0,0,0,0,0,1,0
27.0,174,3.0,62000.0,0,1,0,0,0,1,0,0,0,0
42.0,96,16.0,137000.0,1,0,0,0,0,0,0,1,0,0
35.0,20,9.0,112000.0,0,1,0,0,0,0,0,0,1,0
33.0,82,1.0,25000.0,0,1,0,1,0,0,0,0,0,0
36.0,102,7.0,91000.0,1,0,0,0,0,1,0,0,0,0
43.0,20,17.0,179000.0,0,1,0,0,0,0,0,0,1,0
31.0,175,5.0,74000.0,1,0,0,0,0,1,0,0,0,0
49.0,96,23.0,228000.0,0,1,0,0,0,0,0,1,0,0
28.0,86,2.0,37000.0,1,0,0,0,0,1,0,0,0,0
45.0,20,19.0,193000.0,1,0,0,0,0,0,0,0,1,0
30.0,82,1.0,25000.0,1,0,0,1,0,0,0,0,0,0
45.0,96,20.0,204000.0,0,1,0,0,0,0,0,1,0,0
27.0,174,3.0,61000.0,1,0,0,0,0,1,0,0,0,0
41.0,20,15.0,157000.0,0,1,0,0,0,0,0,0,1,0
35.0,51,8.0,92000.0,1,0,0,0,0,0,0,1,0,0
26.0,175,1.0,52000.0,0,1,0,0,0,1,0,0,0,0
30.0,94,4.0,58000.0,1,0,0,0,0,1,0,0,0,0
48.0,20,22.0,219000.0,0,1,0,0,0,0,0,0,1,0
32.0,96,6.0,77000.0,1,0,0,0,0,0,0,1,0,0
34.0,102,8.0,104000.0,0,1,0,0,0,1,0,0,0,0
31.0,82,1.0,25000.0,1,0,0,1,0,0,0,0,0,0
44.0,20,18.0,183000.0,1,0,0,0,0,0,0,0,1,0
31.0,30,6.0,95000.0,1,0,0,0,0,0,0,1,0,0
28.0,90,2.0,45000.0,0,1,0,0,0,1,0,0,0,0
29.0,135,4.0,70000.0,1,0,0,0,0,0,0,1,0,0
35.0,139,10.0,110000.0,0,1,0,0,0,0,0,0,1,0
26.0,190,1.0,35000.0,1,0,0,1,0,0,0,0,0,0
32.0,70,5.0,60000.0,0,1,0,0,0,1,0,0,0,0
27.0,190,2.0,50000.0,1,0,0,0,0,0,0,1,0,0
39.0,30,12.0,120000.0,0,1,0,0,0,0,0,1,0,0
23.0,70,1.0,32000.0,1,0,0,0,0,1,0,0,0,0
30.0,190,4.0,65000.0,0,1,0,0,0,1,0,0,0,0
26.0,69,1.0,35000.0,1,0,0,0,0,1,0,0,0,0
42.0,139,14.0,130000.0,0,1,0,0,0,0,0,0,1,0
34.0,30,9.0,95000.0,1,0,0,0,0,0,0,1,0,0
28.0,92,2.0,43000.0,0,1,0,1,0,0,0,0,0,0
31.0,69,4.0,50000.0,1,0,0,0,0,1,0,0,0,0
29.0,190,3.0,60000.0,0,1,0,0,0,1,0,0,0,0
35.0,135,8.0,80000.0,1,0,0,0,0,0,0,1,0,0
26.0,90,2.0,48000.0,0,1,0,0,0,0,0,1,0,0
40.0,30,13.0,125000.0,1,0,0,0,0,0,0,0,1,0
34.0,190,7.0,85000.0,0,1,0,0,0,1,0,0,0,0
26.0,70,2.0,42000.0,1,0,0,0,0,1,0,0,0,0
29.0,135,4.0,70000.0,0,1,0,0,0,0,0,1,0,0
25.0,91,1.0,32000.0,1,0,0,1,0,0,0,0,0,0
33.0,190,6.0,80000.0,0,1,0,0,0,0,0,1,0,0
27.0,70,2.0,42000.0,1,0,0,0,0,1,0,0,0,0
31.0,139,7.0,90000.0,0,1,0,0,0,0,0,0,1,0
24.0,90,1.0,40000.0,0,1,0,0,0,1,0,0,0,0
42.0,135,12.0,110000.0,1,0,0,0,0,0,0,1,0,0
34.0,30,10.0,105000.0,0,1,0,0,0,0,0,1,0,0
28.0,70,3.0,50000.0,1,0,0,0,0,1,0,0,0,0
33.0,30,8.0,95000.0,0,1,0,0,0,0,0,0,1,0
29.0,190,3.0,60000.0,1,0,0,0,0,1,0,0,0,0
25.0,70,2.0,40000.0,0,1,0,1,0,0,0,0,0,0
26.0,135,2.0,55000.0,1,0,0,0,0,0,0,1,0,0
30.0,190,5.0,70000.0,0,1,0,0,0,1,0,0,0,0
24.0,91,1.0,32000.0,1,0,0,1,0,0,0,0,0,0
31.0,30,7.0,90000.0,0,1,0,0,0,0,0,1,0,0
27.0,190,2.0,50000.0,1,0,0,0,0,1,0,0,0,0
26.0,70,1.0,32000.0,1,0,0,0,0,1,0,0,0,0
32.0,190,6.0,80000.0,0,1,0,0,0,0,0,1,0,0
25.0,190,2.0,45000.0,0,1,0,1,0,0,0,0,0,0
33.0,70,7.0,65000.0,1,0,0,0,0,1,0,0,0,0
27.0,190,2.0,50000.0,0,1,0,0,0,0,0,1,0,0
28.0,69,3.0,45000.0,1,0,0,0,0,1,0,0,0,0
34.0,30,9.0,95000.0,0,1,0,0,0,0,0,0,1,0
30.0,190,4.0,65000.0,1,0,0,0,0,1,0,0,0,0
26.0,69,2.0,38000.0,0,1,0,0,0,1,0,0,0,0
42.0,139,13.0,125000.0,1,0,0,0,0,0,0,1,0,0
34.0,190,8.0,90000.0,0,1,0,0,0,0,0,1,0,0
28.0,92,2.0,43000.0,1,0,0,1,0,0,0,0,0,0
31.0,70,5.0,60000.0,0,1,0,0,0,1,0,0,0,0
29.0,190,3.0,60000.0,1,0,0,0,0,0,0,1,0,0
26.0,190,1.0,35000.0,1,0,0,0,0,1,0,0,0,0
32.0,30,6.0,95000.0,0,1,0,0,0,0,0,1,0,0
27.0,70,2.0,42000.0,1,0,0,0,0,0,0,1,0,0
39.0,135,11.0,100000.0,0,1,0,0,0,0,0,1,0,0
23.0,69,1.0,32000.0,1,0,0,0,0,1,0,0,0,0
42.0,30,14.0,130000.0,0,1,0,0,0,0,0,0,1,0
28.0,90,2.0,43000.0,0,1,0,1,0,0,0,0,0,0
25.0,69,1.0,32000.0,1,0,0,1,0,0,0,0,0,0
31.0,69,4.0,500.0,1,0,0,0,0,1,0,0,0,0
27.0,87,1.0,45000.0,1,0,0,0,0,1,0,0,0,0
33.0,129,8.0,120000.0,0,1,0,0,0,0,0,1,0,0
29.0,94,3.0,55000.0,1,0,0,0,0,1,0,0,0,0
31.0,73,5.0,70000.0,0,1,0,0,0,1,0,0,0,0
38.0,161,12.0,140000.0,1,0,0,0,0,0,0,0,1,0
25.0,82,1.0,30000.0,0,1,0,1,0,0,0,0,0,0
32.0,168,7.0,100000.0,1,0,0,0,0,0,0,1,0,0
27.0,63,2.0,50000.0,0,1,0,0,0,1,0,0,0,0
29.0,73,3.0,55000.0,1,0,0,0,0,1,0,0,0,0
35.0,161,10.0,130000.0,0,1,0,0,0,0,0,0,1,0
26.0,87,1.0,45000.0,1,0,0,0,0,1,0,0,0,0
28.0,87,2.0,48000.0,1,0,0,0,0,1,0,0,0,0
36.0,129,9.0,125000.0,0,1,0,0,0,0,0,1,0,0
30.0,94,4.0,57000.0,1,0,0,0,0,1,0,0,0,0
32.0,73,6.0,72000.0,0,1,0,0,0,1,0,0,0,0
39.0,161,13.0,145000.0,1,0,0,0,0,0,0,0,1,0
26.0,82,2.0,31000.0,0,1,0,1,0,0,0,0,0,0
33.0,168,8.0,105000.0,1,0,0,0,0,0,0,1,0,0
28.0,63,3.0,52000.0,0,1,0,0,0,1,0,0,0,0
30.0,73,4.0,57000.0,1,0,0,0,0,1,0,0,0,0
36.0,161,11.0,135000.0,0,1,0,0,0,0,0,0,1,0
27.0,87,2.0,48000.0,1,0,0,0,0,1,0,0,0,0
34.0,129,9.0,125000.0,0,1,0,0,0,0,0,1,0,0
26.0,156,5.0,85000.0,0,1,0,0,0,1,0,0,0,0
28.0,96,7.0,110000.0,1,0,0,0,0,0,0,1,0,0
34.0,33,12.0,170000.0,0,1,0,0,0,0,0,0,1,0
31.0,116,9.0,140000.0,0,1,0,0,0,1,0,0,0,0
24.0,115,1.0,30000.0,1,0,0,1,0,0,0,0,0,0
29.0,23,6.0,95000.0,0,1,0,0,0,1,0,0,0,0
27.0,10,4.0,80000.0,1,0,0,0,0,0,0,1,0,0
33.0,116,10.0,155000.0,0,1,0,0,0,0,0,0,1,0
21.0,83,0.0,25000.0,1,0,0,1,0,0,0,0,0,0
36.0,118,11.0,160000.0,0,1,0,0,0,1,0,0,0,0
25.0,96,3.0,65000.0,1,0,0,0,0,1,0,0,0,0
30.0,41,7.0,120000.0,0,1,0,0,0,0,0,1,0,0
28.0,33,6.0,105000.0,1,0,0,0,0,0,0,0,1,0
22.0,115,0.0,25000.0,1,0,0,1,0,0,0,0,0,0
45.0,41,21.0,250000.0,0,1,0,0,0,1,0,0,0,0
31.0,10,8.0,120000.0,1,0,0,0,0,0,0,1,0,0
28.0,23,4.0,80000.0,0,1,0,0,0,1,0,0,0,0
29.0,156,6.0,100000.0,0,1,0,0,0,1,0,0,0,0
35.0,33,12.0,170000.0,1,0,0,0,0,0,0,0,1,0
27.0,120,3.0,50000.0,0,1,0,1,0,0,0,0,0,0
33.0,96,9.0,140000.0,1,0,0,0,0,1,0,0,0,0
25.0,96,2.0,55000.0,1,0,0,0,0,1,0,0,0,0
29.0,10,4.0,80000.0,1,0,0,0,0,0,0,1,0,0
23.0,175,1.0,60000.0,0,1,0,0,0,1,0,0,0,0
39.0,96,12.0,150000.0,1,0,0,0,0,0,0,1,0,0
28.0,40,4.0,80000.0,0,1,0,0,0,1,0,0,0,0
31.0,114,8.0,120000.0,1,0,0,0,0,0,0,0,1,0
35.0,109,10.0,130000.0,0,1,0,0,0,1,0,0,0,0
27.0,45,2.0,50000.0,1,0,0,0,0,1,0,0,0,0
42.0,168,18.0,180000.0,0,1,0,0,0,0,0,1,0,0
29.0,24,3.0,60000.0,1,0,0,0,0,1,0,0,0,0
33.0,96,7.0,110000.0,0,1,0,0,0,1,0,0,0,0
24.0,115,0.0,25000.0,1,0,0,1,0,0,0,0,0,0
30.0,40,6.0,100000.0,0,1,0,0,0,0,0,1,0,0
26.0,172,3.0,55000.0,1,0,0,0,0,1,0,0,0,0
32.0,20,9.0,140000.0,0,1,0,0,0,0,0,0,1,0
22.0,111,0.0,25000.0,1,0,0,1,0,0,0,0,0,0
37.0,106,12.0,150000.0,0,1,0,0,0,1,0,0,0,0
38.0,95,14.0,170000.0,1,0,0,0,0,0,0,1,0,0
25.0,87,1.0,55000.0,0,1,0,0,0,1,0,0,0,0
29.0,94,4.0,65000.0,1,0,0,0,0,1,0,0,0,0
27.0,105,3.0,60000.0,0,1,0,0,0,1,0,0,0,0
34.0,113,10.0,150000.0,1,0,0,0,0,0,0,0,1,0
26.0,93,2.0,50000.0,0,1,0,0,0,1,0,0,0,0
31.0,41,7.0,120000.0,1,0,0,0,0,0,0,1,0,0
28.0,175,3.0,85000.0,0,1,0,0,0,1,0,0,0,0
36.0,95,11.0,160000.0,1,0,0,0,0,0,0,1,0,0
25.0,40,1.0,55000.0,0,1,0,0,0,1,0,0,0,0
29.0,20,5.0,100000.0,1,0,0,0,0,0,0,0,1,0
33.0,109,8.0,120000.0,0,1,0,0,0,1,0,0,0,0
43.0,168,19.0,185000.0,0,1,0,0,0,0,0,1,0,0
30.0,24,4.0,65000.0,1,0,0,0,0,1,0,0,0,0
34.0,96,9.0,130000.0,0,1,0,0,0,1,0,0,0,0
25.0,115,0.0,25000.0,1,0,0,1,0,0,0,0,0,0
31.0,40,6.0,100000.0,0,1,0,0,0,0,0,1,0,0
27.0,172,3.0,55000.0,1,0,0,0,0,1,0,0,0,0
33.0,114,10.0,150000.0,0,1,0,0,0,0,0,0,1,0
23.0,111,0.0,25000.0,1,0,0,1,0,0,0,0,0,0
38.0,106,13.0,160000.0,0,1,0,0,0,1,0,0,0,0
39.0,96,14.0,170000.0,1,0,0,0,0,0,0,1,0,0
26.0,87,1.0,55000.0,0,1,0,0,0,1,0,0,0,0
30.0,94,4.0,65000.0,1,0,0,0,0,1,0,0,0,0
28.0,105,3.0,60000.0,0,1,0,0,0,1,0,0,0,0
35.0,113,11.0,160000.0,1,0,0,0,0,0,0,0,1,0
27.0,93,2.0,50000.0,0,1,0,0,0,1,0,0,0,0
32.0,41,8.0,120000.0,1,0,0,0,0,0,0,1,0,0
27.0,175,3.0,85000.0,0,1,0,0,0,1,0,0,0,0
35.0,95,11.0,160000.0,1,0,0,0,0,0,0,1,0,0
24.0,40,1.0,55000.0,0,1,0,0,0,1,0,0,0,0
28.0,20,5.0,100000.0,1,0,0,0,0,0,0,0,1,0
32.0,109,8.0,120000.0,0,1,0,0,0,1,0,0,0,0
26.0,45,2.0,50000.0,1,0,0,0,0,1,0,0,0,0
41.0,168,19.0,185000.0,0,1,0,0,0,0,0,1,0,0
29.0,24,4.0,65000.0,1,0,0,0,0,1,0,0,0,0
33.0,96,9.0,130000.0,0,1,0,0,0,1,0,0,0,0
32.0,114,10.0,150000.0,0,1,0,0,0,0,0,0,1,0
37.0,106,13.0,160000.0,0,1,0,0,0,1,0,0,0,0
38.0,96,14.0,170000.0,1,0,0,0,0,0,0,1,0,0
27.0,87,1.0,55000.0,0,1,0,0,0,1,0,0,0,0
31.0,94,4.0,65000.0,1,0,0,0,0,1,0,0,0,0
29.0,105,3.0,60000.0,0,1,0,0,0,1,0,0,0,0
34.0,113,11.0,160000.0,1,0,0,0,0,0,0,0,1,0
31.0,41,8.0,120000.0,1,0,0,0,0,0,0,1,0,0
26.0,171,7.0,100000.0,1,0,0,0,0,1,0,0,0,0
31.0,175,7.0,120000.0,0,1,0,0,0,1,0,0,0,0
33.0,96,9.0,130000.0,0,1,0,0,0,0,0,1,0,0
29.0,15,3.0,35000.0,1,0,0,1,0,0,0,0,0,0
36.0,114,13.0,160000.0,0,1,0,0,0,0,0,0,1,0
27.0,94,2.0,50000.0,1,0,0,0,0,1,0,0,0,0
31.0,109,6.0,100000.0,0,1,0,0,0,1,0,0,0,0
28.0,40,4.0,80000.0,1,0,0,0,0,0,0,1,0,0
25.0,175,1.0,60000.0,0,1,0,0,0,1,0,0,0,0
30.0,118,5.0,90000.0,1,0,0,0,0,1,0,0,0,0
34.0,113,11.0,170000.0,0,1,0,0,0,0,0,0,1,0
28.0,93,3.0,60000.0,1,0,0,0,0,1,0,0,0,0
32.0,106,7.0,120000.0,0,1,0,0,0,1,0,0,0,0
24.0,111,0.0,25000.0,1,0,0,1,0,0,0,0,0,0
37.0,95,14.0,180000.0,0,1,0,0,0,0,0,1,0,0
39.0,41,16.0,200000.0,1,0,0,0,0,1,0,0,0,0
26.0,105,2.0,50000.0,0,1,0,0,0,1,0,0,0,0
31.0,20,8.0,140000.0,1,0,0,0,0,0,0,0,1,0
29.0,93,4.0,70000.0,0,1,0,0,0,1,0,0,0,0
33.0,96,9.0,130000.0,1,0,0,0,0,0,0,1,0,0
27.0,175,3.0,80000.0,0,1,0,0,0,1,0,0,0,0
36.0,114,12.0,160000.0,1,0,0,0,0,0,0,0,1,0
25.0,106,1.0,55000.0,0,1,0,0,0,1,0,0,0,0
30.0,94,5.0,85000.0,1,0,0,0,0,1,0,0,0,0
28.0,94,3.0,60000.0,1,0,0,0,0,1,0,0,0,0
33.0,175,9.0,120000.0,0,1,0,0,0,0,0,1,0,0
26.0,45,1.0,45000.0,1,0,0,0,0,1,0,0,0,0
29.0,106,5.0,80000.0,0,1,0,0,0,1,0,0,0,0
35.0,114,11.0,150000.0,1,0,0,0,0,0,0,0,1,0
27.0,175,2.0,65000.0,0,1,0,0,0,1,0,0,0,0
31.0,96,7.0,100000.0,1,0,0,0,0,1,0,0,0,0
28.0,40,4.0,90000.0,0,1,0,0,0,0,0,1,0,0
24.0,93,0.0,40000.0,1,0,0,0,0,1,0,0,0,0
30.0,109,6.0,110000.0,0,1,0,0,0,1,0,0,0,0
34.0,113,12.0,170000.0,1,0,0,0,0,0,0,0,1,0
27.0,175,3.0,75000.0,0,1,0,0,0,1,0,0,0,0
33.0,96,8.0,120000.0,1,0,0,0,0,0,0,1,0,0
25.0,15,1.0,30000.0,1,0,0,1,0,0,0,0,0,0
36.0,114,13.0,180000.0,0,1,0,0,0,0,0,0,1,0
39.0,41,15.0,200000.0,1,0,0,0,0,1,0,0,0,0
26.0,105,1.0,50000.0,0,1,0,0,0,1,0,0,0,0
28.0,93,3.0,65000.0,0,1,0,0,0,1,0,0,0,0
32.0,106,7.0,110000.0,1,0,0,0,0,1,0,0,0,0
24.0,21,0.0,28000.0,0,1,0,1,0,0,0,0,0,0
37.0,95,14.0,190000.0,0,1,0,0,0,0,0,1,0,0
39.0,41,16.0,210000.0,1,0,0,0,0,1,0,0,0,0
26.0,105,2.0,55000.0,0,1,0,0,0,1,0,0,0,0
36.0,114,12.0,170000.0,1,0,0,0,0,0,0,0,1,0
25.0,106,1.0,60000.0,0,1,0,0,0,1,0,0,0,0
30.0,94,5.0,90000.0,1,0,0,0,0,1,0,0,0,0
34.0,113,11.0,160000.0,0,1,0,0,0,0,0,0,1,0
29.0,175,3.0,75000.0,0,1,0,0,0,1,0,0,0,0
32.0,96,8.0,120000.0,1,0,0,0,0,0,0,1,0,0
27.0,106,2.0,65000.0,0,1,0,0,0,1,0,0,0,0
30.0,20,6.0,100000.0,1,0,0,0,0,0,0,0,1,0
36.0,40,11.0,150000.0,0,1,0,0,0,1,0,0,0,0
27.0,94,7.0,120000.0,0,1,0,0,0,0,0,0,0,1
33.0,175,8.0,120000.0,0,1,0,0,0,0,0,1,0,0
27.0,106,2.0,65000.0,1,0,0,0,0,1,0,0,0,0
30.0,20,6.0,100000.0,0,1,0,0,0,0,0,0,1,0
36.0,40,11.0,150000.0,1,0,0,0,0,1,0,0,0,0
29.0,93,3.0,65000.0,0,1,0,0,0,1,0,0,0,0
32.0,175,9.0,120000.0,1,0,0,0,0,0,0,1,0,0
26.0,45,1.0,45000.0,0,1,0,0,0,1,0,0,0,0
29.0,106,5.0,80000.0,1,0,0,0,0,1,0,0,0,0
35.0,114,11.0,150000.0,0,1,0,0,0,0,0,0,1,0
34.0,175,9.0,125000.0,0,1,0,0,0,0,0,1,0,0
28.0,106,3.0,70000.0,1,0,0,0,0,1,0,0,0,0
31.0,20,7.0,110000.0,0,1,0,0,0,0,0,0,1,0
37.0,40,12.0,160000.0,1,0,0,0,0,1,0,0,0,0
30.0,93,4.0,75000.0,0,1,0,0,0,1,0,0,0,0
33.0,175,8.0,120000.0,1,0,0,0,0,0,0,1,0,0
27.0,45,2.0,50000.0,0,1,0,0,0,1,0,0,0,0
30.0,106,5.0,85000.0,1,0,0,0,0,1,0,0,0,0
36.0,114,11.0,155000.0,0,1,0,0,0,0,0,0,1,0
28.0,175,3.0,70000.0,0,1,0,0,0,1,0,0,0,0
32.0,96,8.0,115000.0,1,0,0,0,0,1,0,0,0,0
29.0,40,5.0,95000.0,0,1,0,0,0,0,0,1,0,0
25.0,93,0.0,40000.0,1,0,0,0,0,1,0,0,0,0
31.0,109,6.0,115000.0,0,1,0,0,0,1,0,0,0,0
35.0,113,12.0,175000.0,1,0,0,0,0,0,0,0,1,0
33.0,96,9.0,135000.0,1,0,0,0,0,0,0,1,0,0
29.0,93,4.0,75000.0,0,1,0,0,0,1,0,0,0,0
36.0,114,13.0,185000.0,0,1,0,0,0,0,0,0,1,0
40.0,41,15.0,210000.0,1,0,0,0,0,1,0,0,0,0
27.0,105,1.0,45000.0,0,1,0,0,0,1,0,0,0,0
32.0,20,9.0,145000.0,1,0,0,0,0,0,0,0,1,0
28.0,93,3.0,70000.0,0,1,0,0,0,1,0,0,0,0
32.0,106,7.0,120000.0,1,0,0,0,0,1,0,0,0,0
38.0,95,14.0,195000.0,0,1,0,0,0,0,0,1,0,0
40.0,41,16.0,215000.0,1,0,0,0,0,1,0,0,0,0
27.0,105,2.0,55000.0,0,1,0,0,0,1,0,0,0,0
36.0,114,13.0,185000.0,1,0,0,0,0,0,0,0,1,0
30.0,94,5.0,95000.0,1,0,0,0,0,1,0,0,0,0
34.0,113,12.0,170000.0,0,1,0,0,0,0,0,0,1,0
28.0,93,3.0,65000.0,1,0,0,0,0,1,0,0,0,0
26.0,175,2.0,75000.0,1,0,0,0,0,0,0,1,0,0
39.0,114,14.0,185000.0,0,1,0,0,0,0,0,0,1,0
32.0,96,7.0,120000.0,1,0,0,0,0,1,0,0,0,0
28.0,45,3.0,60000.0,0,1,0,0,0,1,0,0,0,0
35.0,20,10.0,145000.0,1,0,0,0,0,0,0,1,0,0
33.0,106,8.0,135000.0,1,0,0,0,0,0,0,1,0,0
27.0,175,2.0,70000.0,0,1,0,0,0,1,0,0,0,0
36.0,113,12.0,175000.0,1,0,0,0,0,0,0,0,1,0
29.0,115,2.0,45000.0,0,1,0,0,0,1,0,0,0,0
45.0,118,8.0,80000.0,1,0,0,0,0,0,0,1,0,0
37.0,96,7.0,90000.0,0,1,0,0,0,0,0,0,1,0
23.0,117,1.0,35000.0,1,0,0,1,0,0,0,0,0,0
41.0,41,12.0,120000.0,0,1,0,0,0,1,0,0,0,0
26.0,23,4.0,60000.0,1,0,0,0,0,1,0,0,0,0
33.0,10,5.0,70000.0,0,1,0,0,0,0,0,1,0,0
28.0,120,3.0,40000.0,1,0,0,1,0,0,0,0,0,0
50.0,156,15.0,150000.0,0,1,0,0,0,0,0,0,1,0
35.0,83,2.0,35000.0,1,0,0,0,0,1,0,0,0,0
42.0,33,13.0,130000.0,0,1,0,0,0,0,0,1,0,0
27.0,115,1.0,35000.0,1,0,0,0,0,1,0,0,0,0
48.0,116,18.0,180000.0,0,1,0,0,0,0,0,0,1,0
31.0,41,4.0,60000.0,1,0,0,1,0,0,0,0,0,0
36.0,118,6.0,75000.0,0,1,0,0,0,1,0,0,0,0
25.0,23,3.0,50000.0,1,0,0,0,0,0,0,1,0,0
39.0,96,10.0,100000.0,0,1,0,0,0,0,0,0,1,0
30.0,117,2.0,40000.0,1,0,0,1,0,0,0,0,0,0
44.0,10,11.0,110000.0,0,1,0,0,0,1,0,0,0,0
29.0,120,4.0,55000.0,1,0,0,0,0,0,0,1,0,0
47.0,156,17.0,170000.0,0,1,0,0,0,0,0,0,1,0
32.0,83,3.0,40000.0,1,0,0,0,0,1,0,0,0,0
38.0,33,9.0,95000.0,0,1,0,0,0,0,0,1,0,0
24.0,115,1.0,35000.0,1,0,0,1,0,0,0,0,0,0
40.0,116,14.0,140000.0,0,1,0,0,0,0,0,0,1,0
34.0,41,5.0,70000.0,1,0,0,0,0,1,0,0,0,0
26.0,23,3.0,50000.0,0,1,0,0,0,0,0,1,0,0
31.0,96,6.0,75000.0,1,0,0,0,0,0,0,0,1,0
27.0,117,2.0,40000.0,0,1,0,1,0,0,0,0,0,0
43.0,10,12.0,120000.0,1,0,0,0,0,1,0,0,0,0
28.0,120,2.0,40000.0,0,1,0,0,0,0,0,1,0,0
46.0,156,16.0,160000.0,1,0,0,0,0,0,0,0,1,0
33.0,83,4.0,55000.0,0,1,0,0,0,1,0,0,0,0
39.0,33,10.0,100000.0,1,0,0,0,0,0,0,1,0,0
25.0,115,1.0,35000.0,0,1,0,1,0,0,0,0,0,0
41.0,118,8.0,80000.0,1,0,0,0,0,1,0,0,0,0
35.0,96,7.0,90000.0,0,1,0,0,0,0,0,0,1,0
23.0,117,1.0,35000.0,1,0,0,0,0,1,0,0,0,0
42.0,41,13.0,130000.0,0,1,0,0,0,0,0,1,0,0
32.0,10,5.0,70000.0,0,1,0,0,0,0,0,1,0,0
27.0,120,3.0,40000.0,1,0,0,1,0,0,0,0,0,0
36.0,83,2.0,35000.0,1,0,0,0,0,1,0,0,0,0
48.0,33,18.0,180000.0,0,1,0,0,0,0,0,1,0,0
31.0,115,2.0,40000.0,1,0,0,1,0,0,0,0,0,0
29.0,116,6.0,75000.0,0,1,0,0,0,1,0,0,0,0
45.0,41,12.0,120000.0,1,0,0,0,0,0,0,0,1,0
25.0,23,3.0,50000.0,0,1,0,0,0,0,0,1,0,0
37.0,96,7.0,90000.0,1,0,0,0,0,1,0,0,0,0
23.0,117,1.0,35000.0,0,1,0,1,0,0,0,0,0,0
41.0,10,11.0,110000.0,1,0,0,0,0,1,0,0,0,0
26.0,120,3.0,45000.0,0,1,0,0,0,0,0,1,0,0
33.0,156,5.0,70000.0,1,0,0,0,0,0,0,0,1,0
28.0,83,1.0,30000.0,0,1,0,0,0,1,0,0,0,0
42.0,33,13.0,130000.0,1,0,0,0,0,0,0,1,0,0
27.0,41,4.0,60000.0,0,1,0,1,0,0,0,0,0,0
50.0,118,15.0,150000.0,1,0,0,0,0,1,0,0,0,0
35.0,96,8.0,80000.0,0,1,0,0,0,0,0,0,1,0
24.0,117,1.0,35000.0,1,0,0,0,0,1,0,0,0,0
46.0,10,16.0,160000.0,0,1,0,0,0,0,0,1,0,0
29.0,120,2.0,40000.0,1,0,0,1,0,0,0,0,0,0
31.0,83,3.0,40000.0,1,0,0,0,0,1,0,0,0,0
25.0,115,1.0,35000.0,1,0,0,1,0,0,0,0,0,0
39.0,116,10.0,100000.0,0,1,0,0,0,1,0,0,0,0
33.0,41,5.0,70000.0,1,0,0,0,0,0,0,0,1,0
27.0,23,3.0,50000.0,0,1,0,0,0,0,0,1,0,0
43.0,96,12.0,120000.0,1,0,0,0,0,1,0,0,0,0
28.0,117,2.0,40000.0,0,1,0,1,0,0,0,0,0,0
31.0,115,3.0,50000.0,0,1,0,0,0,1,0,0,0,0
46.0,96,14.0,140000.0,1,0,0,0,0,0,0,1,0,0
38.0,41,10.0,100000.0,1,0,0,0,0,1,0,0,0,0
24.0,23,1.0,30000.0,0,1,0,0,0,0,0,0,1,0
33.0,10,6.0,75000.0,1,0,0,0,0,0,0,1,0,0
29.0,120,2.0,40000.0,0,1,0,1,0,0,0,0,0,0
50.0,118,18.0,180000.0,1,0,0,0,0,1,0,0,0,0
35.0,156,8.0,80000.0,0,1,0,0,0,0,0,0,1,0
41.0,33,12.0,120000.0,0,1,0,0,0,0,0,1,0,0
26.0,41,3.0,45000.0,1,0,0,1,0,0,0,0,0,0
32.0,116,7.0,90000.0,0,1,0,0,0,1,0,0,0,0
27.0,96,4.0,55000.0,1,0,0,0,0,0,0,0,1,0
43.0,10,16.0,160000.0,0,1,0,0,0,0,0,1,0,0
28.0,120,2.0,40000.0,1,0,0,0,0,1,0,0,0,0
31.0,83,3.0,40000.0,1,0,0,1,0,0,0,0,0,0
39.0,118,11.0,110000.0,0,1,0,0,0,1,0,0,0,0
33.0,41,6.0,75000.0,1,0,0,0,0,0,0,0,1,0
50.0,10,15.0,150000.0,1,0,0,0,0,0,0,1,0,0
36.0,120,5.0,70000.0,0,1,0,0,0,1,0,0,0,0
48.0,156,19.0,190000.0,1,0,0,0,0,0,0,0,1,0
31.0,83,3.0,40000.0,0,1,0,1,0,0,0,0,0,0
29.0,116,6.0,75000.0,1,0,0,0,0,1,0,0,0,0
45.0,33,14.0,140000.0,0,1,0,0,0,0,0,1,0,0
35.0,96,8.0,80000.0,1,0,0,0,0,0,0,0,1,0
23.0,117,1.0,35000.0,0,1,0,0,0,1,0,0,0,0
42.0,118,13.0,130000.0,1,0,0,0,0,0,0,1,0,0
26.0,23,2.0,40000.0,0,1,0,1,0,0,0,0,0,0
32.0,10,7.0,90000.0,1,0,0,0,0,1,0,0,0,0
27.0,120,4.0,55000.0,0,1,0,0,0,0,0,0,1,0
50.0,156,18.0,180000.0,1,0,0,0,0,0,0,1,0,0
36.0,83,3.0,45000.0,0,1,0,0,0,1,0,0,0,0
48.0,33,19.0,190000.0,1,0,0,0,0,0,0,0,1,0
31.0,115,3.0,50000.0,0,1,0,1,0,0,0,0,0,0
29.0,41,4.0,55000.0,1,0,0,0,0,1,0,0,0,0
45.0,96,13.0,130000.0,0,1,0,0,0,0,0,1,0,0
25.0,117,1.0,35000.0,1,0,0,1,0,0,0,0,0,0
41.0,10,12.0,120000.0,0,1,0,0,0,1,0,0,0,0
35.0,156,9.0,95000.0,1,0,0,0,0,0,0,0,1,0
23.0,120,1.0,35000.0,0,1,0,0,0,1,0,0,0,0
42.0,23,14.0,140000.0,1,0,0,0,0,0,0,1,0,0
26.0,118,2.0,40000.0,0,1,0,1,0,0,0,0,0,0
32.0,33,8.0,80000.0,1,0,0,0,0,1,0,0,0,0
27.0,96,4.0,55000.0,0,1,0,0,0,0,0,0,1,0
50.0,10,19.0,190000.0,1,0,0,0,0,0,0,1,0,0
36.0,116,6.0,75000.0,0,1,0,0,0,1,0,0,0,0
48.0,156,17.0,170000.0,1,0,0,0,0,0,0,0,1,0
37.0,96,11.0,110000.0,0,1,0,0,0,0,0,1,0,0
26.0,120,2.0,40000.0,1,0,0,0,0,1,0,0,0,0
42.0,10,15.0,150000.0,0,1,0,0,0,0,0,0,1,0
33.0,117,4.0,55000.0,1,0,0,1,0,0,0,0,0,0
29.0,118,5.0,70000.0,0,1,0,0,0,1,0,0,0,0
45.0,33,16.0,160000.0,1,0,0,0,0,0,0,1,0,0
24.0,115,1.0,35000.0,0,1,0,1,0,0,0,0,0,0
39.0,41,10.0,100000.0,1,0,0,0,0,1,0,0,0,0
31.0,156,7.0,90000.0,0,1,0,0,0,0,0,0,1,0
27.0,23,3.0,50000.0,1,0,0,0,0,0,0,1,0,0
43.0,10,14.0,140000.0,0,1,0,0,0,1,0,0,0,0
28.0,120,2.0,40000.0,1,0,0,1,0,0,0,0,0,0
50.0,96,18.0,180000.0,0,1,0,0,0,0,0,0,1,0
35.0,117,7.0,90000.0,1,0,0,0,0,1,0,0,0,0
23.0,118,1.0,35000.0,0,1,0,0,0,1,0,0,0,0
41.0,33,12.0,120000.0,1,0,0,0,0,0,0,1,0,0
26.0,41,3.0,45000.0,0,1,0,1,0,0,0,0,0,0
32.0,116,8.0,80000.0,1,0,0,0,0,1,0,0,0,0
50.0,10,18.0,180000.0,1,0,0,0,0,0,0,1,0,0
36.0,120,6.0,75000.0,0,1,0,0,0,1,0,0,0,0
29.0,116,5.0,70000.0,1,0,0,0,0,1,0,0,0,0
45.0,33,15.0,150000.0,0,1,0,0,0,0,0,1,0,0
38.0,96,12.0,120000.0,0,1,0,0,0,0,0,1,0,0
27.0,120,3.0,45000.0,1,0,0,0,0,1,0,0,0,0
43.0,10,16.0,160000.0,0,1,0,0,0,0,0,0,1,0
34.0,117,5.0,70000.0,1,0,0,1,0,0,0,0,0,0
30.0,118,6.0,75000.0,0,1,0,0,0,1,0,0,0,0
46.0,33,17.0,170000.0,1,0,0,0,0,0,0,1,0,0
40.0,41,11.0,110000.0,1,0,0,0,0,1,0,0,0,0
32.0,156,8.0,80000.0,0,1,0,0,0,0,0,0,1,0
28.0,23,4.0,55000.0,1,0,0,0,0,0,0,1,0,0
44.0,10,15.0,150000.0,0,1,0,0,0,1,0,0,0,0
51.0,96,19.0,190000.0,0,1,0,0,0,0,0,0,1,0
36.0,117,8.0,80000.0,1,0,0,0,0,1,0,0,0,0
24.0,118,1.0,35000.0,0,1,0,0,0,1,0,0,0,0
27.0,41,3.0,45000.0,0,1,0,1,0,0,0,0,0,0
33.0,116,7.0,90000.0,1,0,0,0,0,1,0,0,0,0
28.0,96,4.0,55000.0,0,1,0,0,0,0,0,0,1,0
51.0,10,19.0,190000.0,1,0,0,0,0,0,0,1,0,0
37.0,120,7.0,90000.0,0,1,0,0,0,1,0,0,0,0
49.0,156,20.0,200000.0,1,0,0,0,0,0,0,0,1,0
32.0,83,3.0,40000.0,0,1,0,1,0,0,0,0,0,0
30.0,116,5.0,70000.0,1,0,0,0,0,1,0,0,0,0
46.0,33,16.0,160000.0,0,1,0,0,0,0,0,1,0,0
26.0,115,1.0,35000.0,1,0,0,1,0,0,0,0,0,0
42.0,41,13.0,130000.0,0,1,0,0,0,1,0,0,0,0
36.0,96,9.0,95000.0,1,0,0,0,0,0,0,0,1,0
24.0,117,1.0,35000.0,0,1,0,0,0,1,0,0,0,0
43.0,118,14.0,140000.0,1,0,0,0,0,0,0,1,0,0
27.0,23,2.0,40000.0,0,1,0,1,0,0,0,0,0,0
33.0,10,7.0,90000.0,1,0,0,0,0,1,0,0,0,0
28.0,120,4.0,55000.0,0,1,0,0,0,0,0,0,1,0
51.0,156,19.0,190000.0,1,0,0,0,0,0,0,1,0,0
37.0,83,6.0,75000.0,0,1,0,0,0,1,0,0,0,0
49.0,33,20.0,200000.0,1,0,0,0,0,0,0,0,1,0
32.0,115,3.0,50000.0,0,1,0,1,0,0,0,0,0,0
30.0,41,4.0,55000.0,1,0,0,0,0,1,0,0,0,0
46.0,96,14.0,140000.0,0,1,0,0,0,0,0,1,0,0
26.0,117,1.0,35000.0,1,0,0,1,0,0,0,0,0,0
42.0,10,13.0,130000.0,0,1,0,0,0,1,0,0,0,0
36.0,156,10.0,100000.0,1,0,0,0,0,0,0,0,1,0
24.0,120,1.0,35000.0,0,1,0,0,0,1,0,0,0,0
43.0,23,15.0,150000.0,1,0,0,0,0,0,0,1,0,0
27.0,118,2.0,40000.0,0,1,0,1,0,0,0,0,0,0
33.0,33,8.0,80000.0,1,0,0,0,0,1,0,0,0,0
37.0,116,7.0,90000.0,0,1,0,0,0,1,0,0,0,0
30.0,118,5.0,70000.0,1,0,0,0,0,1,0,0,0,0
